{
  "AnchorList": [],
  "AreaAnchorName": "LevelArea_P20331_F20331001_G362",
  "AudienceList": [],
  "BattleAreaList": [],
  "ConflictIDList": [],
  "ConflictWhiteList": [],
  "CrowdList": [],
  "DistrictList": [
    {
      "DistrictType": "Level",
      "ID": 1,
      "LevelGraph": "Config/Level/Maze/MazeShelter/InitLevelGraph_MazeShelter_V2.json",
      "LoadOnInitial": true,
      "NPCCrowdRadius": 25,
      "Name": "District1",
      "PosX": 0.030009,
      "PosY": -24.3,
      "PosZ": -10.51322,
      "Scale": {
        "magnitude": 1.73205078,
        "normalized": {
          "magnitude": 0.99999994,
          "normalized": {
            "magnitude": 1.00000012,
            "sqrMagnitude": 1.00000024,
            "x": 0.5773503,
            "y": 0.5773503,
            "z": 0.5773503
          },
          "sqrMagnitude": 0.99999994,
          "x": 0.577350259,
          "y": 0.577350259,
          "z": 0.577350259
        },
        "sqrMagnitude": 3,
        "x": 1,
        "y": 1,
        "z": 1
      },
      "Trigger": {
        "DimX": 110,
        "DimY": 35,
        "DimZ": 80,
        "PointList": [
          {
            "magnitude": 60.1695251,
            "normalized": {
              "magnitude": 0.99999994,
              "normalized": {
                "magnitude": 1,
                "sqrMagnitude": 1,
                "x": -0.7924489,
                "y": -0.6099384
              },
              "sqrMagnitude": 0.9999999,
              "x": -0.7924488,
              "y": -0.6099383
            },
            "sqrMagnitude": 3620.37158,
            "x": -47.68127,
            "y": -36.6997
          },
          {
            "magnitude": 73.6656,
            "normalized": {
              "magnitude": 0.99999994,
              "normalized": {
                "magnitude": 1,
                "sqrMagnitude": 1,
                "x": -0.209227651,
                "y": 0.977866948
              },
              "sqrMagnitude": 0.9999999,
              "x": -0.209227636,
              "y": 0.9778669
            },
            "sqrMagnitude": 5426.62061,
            "x": -15.41288,
            "y": 72.03516
          },
          {
            "magnitude": 73.41949,
            "normalized": {
              "magnitude": 1,
              "sqrMagnitude": 1,
              "x": 0.217175037,
              "y": 0.9761327
            },
            "sqrMagnitude": 5390.421,
            "x": 15.94488,
            "y": 71.66716
          },
          {
            "magnitude": 75.46043,
            "normalized": {
              "magnitude": 1,
              "sqrMagnitude": 1.00000012,
              "x": 0.813977659,
              "y": -0.580896258
            },
            "sqrMagnitude": 5694.27637,
            "x": 61.4231,
            "y": -43.83468
          }
        ],
        "Radius": 1,
        "Shape": "Polygon"
      },
      "ValueSource": {}
    }
  ],
  "GroupName": "Tpl_SafeRoom",
  "IsHoyoGroup": true,
  "LevelGraph": "Config/Level/GroupTemplateGraph/01_Maze_Default/Default_Shelter.json",
  "LoadOnInitial": true,
  "MonsterList": [],
  "NPCList": [],
  "PathwayList": [],
  "PedestrianList": [],
  "PropList": [],
  "SaveType": "Reset",
  "SavedValueCondition": {
    "Conditions": [],
    "Operation": "And"
  },
  "SmartObjectList": [],
  "StreamingTemplateType": "Standard",
  "ValueSource": {},
  "WaypointList": []
}