{
  "AnchorList": [],
  "AreaAnchorName": "LevelArea_P80501_F80501001_G66",
  "AudienceList": [],
  "BattleAreaList": [],
  "ConflictIDList": [],
  "ConflictWhiteList": [],
  "CrowdList": [],
  "DistrictList": [
    {
      "ID": 1,
      "LoadOnInitial": true,
      "NPCCrowdRadius": 25,
      "Name": "District1",
      "OnEnterAreaSound": {
        "PlayEventName": "Ev_WwiseMatrixReverb_VO_02_shiwaiyouzhedang",
        "TransformList": []
      },
      "PosX": 223.5403,
      "PosY": 12.9,
      "PosZ": 369.3,
      "Scale": {
        "magnitude": 1.73205078,
        "normalized": {
          "magnitude": 0.99999994,
          "normalized": {
            "magnitude": 1.00000012,
            "sqrMagnitude": 1.00000024,
            "x": 0.5773503,
            "y": 0.5773503,
            "z": 0.5773503
          },
          "sqrMagnitude": 0.99999994,
          "x": 0.577350259,
          "y": 0.577350259,
          "z": 0.577350259
        },
        "sqrMagnitude": 3,
        "x": 1,
        "y": 1,
        "z": 1
      },
      "Trigger": {
        "DimX": 1,
        "DimY": 200,
        "DimZ": 1,
        "PointList": [
          {
            "magnitude": 325.2034,
            "normalized": {
              "magnitude": 1,
              "sqrMagnitude": 1,
              "x": -0.9875361,
              "y": 0.157393038
            },
            "sqrMagnitude": 105757.25,
            "x": -321.1501,
            "y": 51.18475
          },
          {
            "magnitude": 526.5628,
            "normalized": {
              "magnitude": 0.99999994,
              "normalized": {
                "magnitude": 1,
                "sqrMagnitude": 1.00000012,
                "x": -0.567351758,
                "y": 0.8234756
              },
              "sqrMagnitude": 0.9999999,
              "x": -0.5673517,
              "y": 0.82347554
            },
            "sqrMagnitude": 277268.375,
            "x": -298.7463,
            "y": 433.6116
          },
          {
            "magnitude": 466.192474,
            "normalized": {
              "magnitude": 1,
              "sqrMagnitude": 1,
              "x": 0.424452782,
              "y": 0.9054501
            },
            "sqrMagnitude": 217335.422,
            "x": 197.8767,
            "y": 422.114
          },
          {
            "magnitude": 247.1806,
            "normalized": {
              "magnitude": 1,
              "sqrMagnitude": 1,
              "x": 0.9491173,
              "y": -0.31492275
            },
            "sqrMagnitude": 61098.2539,
            "x": 234.6034,
            "y": -77.8428
          }
        ],
        "Radius": 1,
        "Shape": "Polygon"
      },
      "ValueSource": {
        "SharedValues": [],
        "Values": []
      }
    },
    {
      "ID": 2,
      "LoadOnInitial": true,
      "NPCCrowdRadius": 25,
      "Name": "District2",
      "OnEnterAreaSound": {
        "PlayEventName": "Ev_WwiseMatrixReverb_VO_16_shandong",
        "StopEventName": "Ev_WwiseMatrixReverb_VO_02_shiwaiyouzhedang",
        "TransformList": []
      },
      "PosX": 334.4,
      "PosY": 120.97,
      "PosZ": 620.5977,
      "Scale": {
        "magnitude": 1.73205078,
        "normalized": {
          "magnitude": 0.99999994,
          "normalized": {
            "magnitude": 1.00000012,
            "sqrMagnitude": 1.00000024,
            "x": 0.5773503,
            "y": 0.5773503,
            "z": 0.5773503
          },
          "sqrMagnitude": 0.99999994,
          "x": 0.577350259,
          "y": 0.577350259,
          "z": 0.577350259
        },
        "sqrMagnitude": 3,
        "x": 1,
        "y": 1,
        "z": 1
      },
      "Trigger": {
        "DimX": 1,
        "DimY": 1,
        "DimZ": 1,
        "PointList": [
          {
            "magnitude": 11.8359556,
            "normalized": {
              "magnitude": 0.99999994,
              "normalized": {
                "magnitude": 1,
                "sqrMagnitude": 1,
                "x": -0.917091131,
                "y": -0.398677677
              },
              "sqrMagnitude": 0.9999999,
              "x": -0.9170911,
              "y": -0.398677647
            },
            "sqrMagnitude": 140.089844,
            "x": -10.85465,
            "y": -4.718731
          },
          {
            "magnitude": 11.276885,
            "normalized": {
              "magnitude": 1,
              "sqrMagnitude": 1,
              "x": -0.948014438,
              "y": 0.318227321
            },
            "sqrMagnitude": 127.168144,
            "x": -10.69065,
            "y": 3.588613
          },
          {
            "magnitude": 9.178049,
            "normalized": {
              "magnitude": 1,
              "sqrMagnitude": 1,
              "x": 0.835181952,
              "y": 0.5499737
            },
            "sqrMagnitude": 84.23659,
            "x": 7.665341,
            "y": 5.047686
          },
          {
            "magnitude": 9.281776,
            "normalized": {
              "magnitude": 1,
              "sqrMagnitude": 1.00000012,
              "x": 0.7958434,
              "y": -0.605502546
            },
            "sqrMagnitude": 86.15138,
            "x": 7.386841,
            "y": -5.620139
          }
        ],
        "Radius": 1,
        "Shape": "Polygon"
      },
      "ValueSource": {}
    },
    {
      "ID": 4,
      "LoadOnInitial": true,
      "NPCCrowdRadius": 25,
      "Name": "District4",
      "OnEnterAreaSound": {
        "PlayEventCD": 20,
        "PlayEventName": "Ev_vo_ambient_w3_broadcast_suleda_near",
        "TransformList": [
          {
            "Forward": {
              "magnitude": 1,
              "sqrMagnitude": 1,
              "z": 1
            },
            "Position": {
              "magnitude": 740.5746,
              "normalized": {
                "magnitude": 1,
                "sqrMagnitude": 1,
                "x": 0.125173077,
                "y": 0.24958998,
                "z": 0.9602274
              },
              "sqrMagnitude": 548450.75,
              "x": 92.7,
              "y": 184.84,
              "z": 711.12
            },
            "Up": {
              "magnitude": 1,
              "sqrMagnitude": 1,
              "y": 1
            }
          }
        ]
      },
      "PosX": 92.7,
      "PosY": 184.84,
      "PosZ": 711.12,
      "Scale": {
        "magnitude": 1.73205078,
        "normalized": {
          "magnitude": 0.99999994,
          "normalized": {
            "magnitude": 1.00000012,
            "sqrMagnitude": 1.00000024,
            "x": 0.5773503,
            "y": 0.5773503,
            "z": 0.5773503
          },
          "sqrMagnitude": 0.99999994,
          "x": 0.577350259,
          "y": 0.577350259,
          "z": 0.577350259
        },
        "sqrMagnitude": 3,
        "x": 1,
        "y": 1,
        "z": 1
      },
      "Trigger": {
        "DimX": 1,
        "DimY": 1,
        "DimZ": 1,
        "PointList": [],
        "Radius": 13
      },
      "ValueSource": {}
    },
    {
      "ID": 3,
      "LoadOnInitial": true,
      "NPCCrowdRadius": 25,
      "Name": "District3",
      "OnEnterAreaSound": {
        "PlayEventName": "Ev_WwiseMatrixReverb_VO_02_shiwaiyouzhedang",
        "TransformList": []
      },
      "PosX": 117.8,
      "PosY": 175,
      "PosZ": 706,
      "Scale": {
        "magnitude": 1.73205078,
        "normalized": {
          "magnitude": 0.99999994,
          "normalized": {
            "magnitude": 1.00000012,
            "sqrMagnitude": 1.00000024,
            "x": 0.5773503,
            "y": 0.5773503,
            "z": 0.5773503
          },
          "sqrMagnitude": 0.99999994,
          "x": 0.577350259,
          "y": 0.577350259,
          "z": 0.577350259
        },
        "sqrMagnitude": 3,
        "x": 1,
        "y": 1,
        "z": 1
      },
      "Trigger": {
        "DimX": 1,
        "DimY": 20,
        "DimZ": 1,