{
  "AnchorList": [],
  "AreaAnchorName": "LevelArea_P30500_F30500001_G31",
  "BattleAreaList": [],
  "ConflictIDList": [],
  "ConflictWhiteList": [],
  "CrowdList": [],
  "DistrictList": [
    {
      "BGMEmotion": "State_BGM_D1",
      "CanTriggerByFakeAvatar": true,
      "ID": 1,
      "LoadOnInitial": true,
      "NPCCrowdRadius": 25,
      "Name": "District1",
      "PosX": -56,
      "PosY": 50,
      "PosZ": -139.6,
      "RotY": 350,
      "Scale": {
        "magnitude": 1.73205078,
        "normalized": {
          "magnitude": 0.99999994,
          "normalized": {
            "magnitude": 1.00000012,
            "sqrMagnitude": 1.00000024,
            "x": 0.5773503,
            "y": 0.5773503,
            "z": 0.5773503
          },
          "sqrMagnitude": 0.99999994,
          "x": 0.577350259,
          "y": 0.577350259,
          "z": 0.577350259
        },
        "sqrMagnitude": 3,
        "x": 1,
        "y": 1,
        "z": 1
      },
      "SoundUsage": "BGMEmotion",
      "Trigger": {
        "DimX": 170,
        "DimY": 50,
        "DimZ": 130,
        "PointList": [
          {
            "magnitude": 129.529251,
            "normalized": {
              "magnitude": 1,
              "sqrMagnitude": 1,
              "x": -0.8142145,
              "y": -0.5805642
            },
            "sqrMagnitude": 16777.8281,
            "x": -105.4646,
            "y": -75.20004
          },
          {
            "magnitude": 100.533073,
            "normalized": {
              "magnitude": 1,
              "sqrMagnitude": 1,
              "x": -0.816547155,
              "y": 0.5772788
            },
            "sqrMagnitude": 10106.8994,
            "x": -82.09,
            "y": 58.03561
          },
          {
            "magnitude": 130.478012,
            "normalized": {
              "magnitude": 1,
              "sqrMagnitude": 1,
              "x": 0.8669721,
              "y": 0.49835673
            },
            "sqrMagnitude": 17024.5117,
            "x": 113.1208,
            "y": 65.0246
          },
          {
            "magnitude": 138.87999,
            "normalized": {
              "magnitude": 1,
              "sqrMagnitude": 1.00000012,
              "x": 0.842248,
              "y": -0.5390903
            },
            "sqrMagnitude": 19287.6523,
            "x": 116.9714,
            "y": -74.86885
          }
        ],
        "Radius": 1,
        "Shape": "Polygon"
      },
      "ValueSource": {}
    },
    {
      "BGMEmotion": "State_BGM_D2",
      "CanTriggerByFakeAvatar": true,
      "ID": 2,
      "LoadOnInitial": true,
      "NPCCrowdRadius": 25,
      "Name": "District2",
      "PosX": -23.2,
      "PosY": 37.1,
      "PosZ": 150.4,
      "RotY": 350,
      "Scale": {
        "magnitude": 1.73205078,
        "normalized": {
          "magnitude": 0.99999994,
          "normalized": {
            "magnitude": 1.00000012,
            "sqrMagnitude": 1.00000024,
            "x": 0.5773503,
            "y": 0.5773503,
            "z": 0.5773503
          },
          "sqrMagnitude": 0.99999994,
          "x": 0.577350259,
          "y": 0.577350259,
          "z": 0.577350259
        },
        "sqrMagnitude": 3,
        "x": 1,
        "y": 1,
        "z": 1
      },
      "SoundUsage": "BGMEmotion",
      "Trigger": {
        "DimX": 150,
        "DimY": 50,
        "DimZ": 200,
        "PointList": [
          {
            "magnitude": 112.35701,
            "normalized": {
              "magnitude": 1,
              "sqrMagnitude": 1,
              "x": -0.8116675,
              "y": -0.5841198
            },
            "sqrMagnitude": 12624.0977,
            "x": -91.19653,
            "y": -65.62995
          },
          {
            "magnitude": 116.515968,
            "normalized": {
              "magnitude": 0.99999994,
              "normalized": {
                "magnitude": 1,
                "sqrMagnitude": 1.00000012,
                "x": -0.7275553,
                "y": 0.686049163
              },
              "sqrMagnitude": 0.99999994,
              "x": -0.7275552,
              "y": 0.6860491
            },
            "sqrMagnitude": 13575.9707,
            "x": -84.7718,
            "y": 79.93568
          },
          {
            "magnitude": 105.30761,
            "normalized": {
              "magnitude": 1,
              "sqrMagnitude": 1.00000012,
              "x": 0.496729732,
              "y": 0.8679053
            },
            "sqrMagnitude": 11089.6934,
            "x": 52.30942,
            "y": 91.39703
          },
          {
            "magnitude": 105.593918,
            "normalized": {
              "magnitude": 1,
              "sqrMagnitude": 1,
              "x": 0.56667906,
              "y": -0.8239386
            },
            "sqrMagnitude": 11150.0752,
            "x": 59.83786,
            "y": -87.00291
          }
        ],
        "Radius": 1,
        "Shape": "Polygon"
      },
      "ValueSource": {}
    }
  ],
  "GroupName": "BGM",
  "HoYoGroupType": "Container",
  "IsHoyoGroup": true,
  "LoadOnInitial": true,
  "MonsterList": [],
  "NPCList": [],
  "PathwayList": [],
  "PedestrianList": [],
  "PropList": [],
  "SaveType": "Reset",
  "SavedValueCondition": {
    "Operation": "And"
  },
  "SmartObjectList": [],
  "StreamingTemplateType": "Standard",
  "ValueSource": {},
  "WaypointList": []
}