{
  "AnchorList": [],
  "AreaAnchorName": "LevelArea_P20332_F20332001_G396",
  "AudienceList": [],
  "BattleAreaList": [],
  "ConflictIDList": [],
  "ConflictWhiteList": [],
  "CrowdList": [],
  "DistrictList": [
    {
      "BGMEmotion": "State_BGM_D1",
      "CanTriggerByFakeAvatar": true,
      "ID": 1,
      "LoadOnInitial": true,
      "NPCCrowdRadius": 25,
      "Name": "District1",
      "PosX": 171.8,
      "PosY": -21.5,
      "PosZ": -398.5,
      "Scale": {
        "magnitude": 1.73205078,
        "normalized": {
          "magnitude": 0.99999994,
          "normalized": {
            "magnitude": 1.00000012,
            "sqrMagnitude": 1.00000024,
            "x": 0.5773503,
            "y": 0.5773503,
            "z": 0.5773503
          },
          "sqrMagnitude": 0.99999994,
          "x": 0.577350259,
          "y": 0.577350259,
          "z": 0.577350259
        },
        "sqrMagnitude": 3,
        "x": 1,
        "y": 1,
        "z": 1
      },
      "SoundUsage": "BGMEmotion",
      "Trigger": {
        "DimX": 1,
        "DimY": 60,
        "DimZ": 1,
        "PointList": [
          {
            "magnitude": 119.967941,
            "normalized": {
              "magnitude": 0.99999994,
              "normalized": {
                "magnitude": 1,
                "sqrMagnitude": 1,
                "x": -0.731316864,
                "y": -0.6820379
              },
              "sqrMagnitude": 0.9999999,
              "x": -0.7313168,
              "y": -0.68203783
            },
            "sqrMagnitude": 14392.3066,
            "x": -87.73457,
            "y": -81.82268
          },
          {
            "magnitude": 107.089,
            "normalized": {
              "magnitude": 1,
              "sqrMagnitude": 1,
              "x": -0.8350635,
              "y": 0.550153553
            },
            "sqrMagnitude": 11468.0537,
            "x": -89.42612,
            "y": 58.91539
          },
          {
            "magnitude": 118.772545,
            "normalized": {
              "magnitude": 1,
              "sqrMagnitude": 1,
              "x": 0.9072038,
              "y": 0.4206915
            },
            "sqrMagnitude": 14106.918,
            "x": 107.7509,
            "y": 49.9666
          },
          {
            "magnitude": 135.544861,
            "normalized": {
              "magnitude": 1,
              "sqrMagnitude": 1,
              "x": 0.7236565,
              "y": -0.690160334
            },
            "sqrMagnitude": 18372.4082,
            "x": 98.08791,
            "y": -93.54768
          }
        ],
        "Radius": 1,
        "Shape": "Polygon"
      },
      "ValueSource": {}
    },
    {
      "BGMEmotion": "State_Gravity_FloorA",
      "CanTriggerByFakeAvatar": true,
      "ID": 2,
      "LoadOnInitial": true,
      "NPCCrowdRadius": 25,
      "Name": "District2",
      "PosX": 431.7,
      "PosY": -21.5,
      "PosZ": 204.5,
      "Scale": {
        "magnitude": 1.73205078,
        "normalized": {
          "magnitude": 0.99999994,
          "normalized": {
            "magnitude": 1.00000012,
            "sqrMagnitude": 1.00000024,
            "x": 0.5773503,
            "y": 0.5773503,
            "z": 0.5773503
          },
          "sqrMagnitude": 0.99999994,
          "x": 0.577350259,
          "y": 0.577350259,
          "z": 0.577350259
        },
        "sqrMagnitude": 3,
        "x": 1,
        "y": 1,
        "z": 1
      },
      "SoundUsage": "BGMEmotion",
      "Trigger": {
        "DimX": 1,
        "DimY": 60,
        "DimZ": 1,
        "PointList": [
          {
            "magnitude": 119.967941,
            "normalized": {
              "magnitude": 0.99999994,
              "normalized": {
                "magnitude": 1,
                "sqrMagnitude": 1,
                "x": -0.731316864,
                "y": -0.6820379
              },
              "sqrMagnitude": 0.9999999,
              "x": -0.7313168,
              "y": -0.68203783
            },
            "sqrMagnitude": 14392.3066,
            "x": -87.73457,
            "y": -81.82268
          },
          {
            "magnitude": 107.089,
            "normalized": {
              "magnitude": 1,
              "sqrMagnitude": 1,
              "x": -0.8350635,
              "y": 0.550153553
            },
            "sqrMagnitude": 11468.0537,
            "x": -89.42612,
            "y": 58.91539
          },
          {
            "magnitude": 118.772545,
            "normalized": {
              "magnitude": 1,
              "sqrMagnitude": 1,
              "x": 0.9072038,
              "y": 0.4206915
            },
            "sqrMagnitude": 14106.918,
            "x": 107.7509,
            "y": 49.9666
          },
          {
            "magnitude": 135.544861,
            "normalized": {
              "magnitude": 1,
              "sqrMagnitude": 1,
              "x": 0.7236565,
              "y": -0.690160334
            },
            "sqrMagnitude": 18372.4082,
            "x": 98.08791,
            "y": -93.54768
          }
        ],
        "Radius": 1,
        "Shape": "Polygon"
      },
      "ValueSource": {}
    },
    {
      "BGMEmotion": "State_Gravity_FloorC",
      "CanTriggerByFakeAvatar": true,
      "ID": 3,
      "LoadOnInitial": true,
      "NPCCrowdRadius": 25,
      "Name": "District3",
      "PosX": 25.5,
      "PosY": 53.2,
      "PosZ": 775.2,
      "Scale": {
        "magnitude": 2.06155276,
        "normalized": {
          "magnitude": 1,
          "sqrMagnitude": 1,
          "x": 0.7276069,
          "y": 0.485071272,
          "z": 0.485071272
        },
        "sqrMagnitude": 4.25,
        "x": 1.5,
        "y": 1,
        "z": 1
      },
      "SoundUsage": "BGMEmotion",
      "Trigger": {
        "DimX": 1,
        "DimY": 62,
        "DimZ": 1,
        "PointList": [
          {
            "magnitude": 119.967941,
            "normalized": {
              "magnitude": 0.99999994,
              "normalized": {
                "magnitude": 1,
                "sqrMagnitude": 1,
                "x": -0.731316864,
                "y": -0.6820379
              },
              "sqrMagnitude": 0.9999999,
              "x": -0.7313168,
              "y": -0.68203783
            },
            "sqrMagnitude": 14392.3066,
            "x": -87.73457,
            "y": -81.82268
          },
          {
            "magnitude": 107.089,
            "normalized": {
              "magnitude": 1,
              "sqrMagnitude": 1,
              "x": -0.8350635,
              "y": 0.550153553
            },
            "sqrMagnitude": 11468.0537,
            "x": -89.42612,
            "y": 58.91539
          },
          {
            "magnitude": 114.298027,
            "normalized": {
              "magnitude": 1,
              "sqrMagnitude": 1,
              "x": 0.848479569,
              "y": 0.529228151
            },
            "sqrMagnitude": 13064.0391,
            "x": 96.97954,
            "y": 60.48973
          },
          {
            "magnitude": 135.544861,
            "normalized": {
              "magnitude": 1,
              "sqrMagnitude": 1,
              "x": 0.7236565,
              "y": -0.690160334
            },
            "sqrMagnitude": 18372.4082,
            "x": 98.08791,
            "y": -93.54768
          }
        ],
        "Radius": 1,
        "Shape": "Polygon"
      },
      "ValueSource": {}
    }
  ],
  "GroupName": "BGM",
  "HoYoGroupType": "Container",
  "IsHoyoGroup": true,
  "LoadOnInitial": true,
  "MonsterList": [],
  "NPCList": [],
  "PathwayList": [],
  "PedestrianList": [],
  "PropList": [],
  "SaveType": "Reset",
  "SavedValueCondition": {
    "Conditions": [],
    "Operation": "And"
  },
  "SmartObjectList": [],
  "StreamingTemplateType": "Standard",
  "ValueSource": {},
  "WaypointList": []
}