{
  "AnchorList": [],
  "AreaAnchorName": "LevelArea_P20332_F20332001_G166",
  "AudienceList": [],
  "BattleAreaList": [],
  "Category": "Mission",
  "ConflictIDList": [],
  "ConflictWhiteList": [],
  "CrowdList": [],
  "DistrictList": [
    {
      "DistrictType": "Level",
      "ID": 1,
      "LoadOnInitial": true,
      "NPCCrowdRadius": 25,
      "Name": "District1",
      "PosX": 381.44,
      "PosY": -2.743025,
      "PosZ": 150.47,
      "Scale": {
        "magnitude": 1.73205078,
        "normalized": {
          "magnitude": 0.99999994,
          "normalized": {
            "magnitude": 1.00000012,
            "sqrMagnitude": 1.00000024,
            "x": 0.5773503,
            "y": 0.5773503,
            "z": 0.5773503
          },
          "sqrMagnitude": 0.99999994,
          "x": 0.577350259,
          "y": 0.577350259,
          "z": 0.577350259
        },
        "sqrMagnitude": 3,
        "x": 1,
        "y": 1,
        "z": 1
      },
      "SoundUsage": "NPCCrowd",
      "Trigger": {
        "DimX": 1,
        "DimY": 5,
        "DimZ": 1,
        "PointList": [
          {
            "magnitude": 6.438178,
            "normalized": {
              "magnitude": 0.99999994,
              "normalized": {
                "magnitude": 1,
                "sqrMagnitude": 1,
                "x": -0.774876237,
                "y": -0.632113039
              },
              "sqrMagnitude": 0.99999994,
              "x": -0.7748762,
              "y": -0.632113
            },
            "sqrMagnitude": 41.4501343,
            "x": -4.988791,
            "y": -4.069656
          },
          {
            "magnitude": 10.8777437,
            "normalized": {
              "magnitude": 0.99999994,
              "normalized": {
                "magnitude": 1,
                "sqrMagnitude": 1.00000012,
                "x": -0.561582565,
                "y": 0.8274208
              },
              "sqrMagnitude": 0.99999994,
              "x": -0.5615825,
              "y": 0.8274207
            },
            "sqrMagnitude": 118.3253,
            "x": -6.108751,
            "y": 9.00047
          },
          {
            "magnitude": 25.72572,
            "normalized": {
              "magnitude": 1,
              "sqrMagnitude": 1.00000012,
              "x": 0.9493818,
              "y": 0.3141245
            },
            "sqrMagnitude": 661.8127,
            "x": 24.42353,
            "y": 8.081079
          },
          {
            "magnitude": 23.8616447,
            "normalized": {
              "magnitude": 1,
              "sqrMagnitude": 1,
              "x": 0.986256838,
              "y": -0.165219411
            },
            "sqrMagnitude": 569.378052,
            "x": 23.53371,
            "y": -3.942407
          },
          {
            "magnitude": 17.91162,
            "normalized": {
              "magnitude": 0.99999994,
              "normalized": {
                "magnitude": 1,
                "sqrMagnitude": 1.00000012,
                "x": 0.9759638,
                "y": -0.217932969
              },
              "sqrMagnitude": 0.99999994,
              "x": 0.9759637,
              "y": -0.217932954
            },
            "sqrMagnitude": 320.82608,
            "x": 17.48109,
            "y": -3.903532
          },
          {
            "magnitude": 11.5292721,
            "normalized": {
              "magnitude": 1,
              "sqrMagnitude": 1,
              "x": 0.9381729,
              "y": -0.3461672
            },
            "sqrMagnitude": 132.924118,
            "x": 10.81645,
            "y": -3.991056
          },
          {
            "magnitude": 10.922905,
            "normalized": {
              "magnitude": 1,
              "sqrMagnitude": 1.00000012,
              "x": 0.999200344,
              "y": -0.0399842337
            },
            "sqrMagnitude": 119.309853,
            "x": 10.91417,
            "y": -0.436744
          },
          {
            "magnitude": 6.584509,
            "normalized": {
              "magnitude": 0.99999994,
              "normalized": {
                "magnitude": 1,
                "sqrMagnitude": 1,
                "x": 0.9986072,
                "y": -0.0527602024
              },
              "sqrMagnitude": 0.99999994,
              "x": 0.998607159,
              "y": -0.0527602
            },
            "sqrMagnitude": 43.3557549,
            "x": 6.575338,
            "y": -0.3474
          },
          {
            "magnitude": 7.605772,
            "normalized": {
              "magnitude": 1,
              "sqrMagnitude": 1.00000012,
              "x": 0.843721867,
              "y": -0.536780655
            },
            "sqrMagnitude": 57.84777,
            "x": 6.417156,
            "y": -4.082631
          }
        ],
        "Radius": 5,
        "Shape": "Polygon"
      },
      "ValueSource": {}
    },
    {
      "DistrictType": "Level",
      "ID": 2,
      "LoadOnInitial": true,
      "NPCCrowdRadius": 25,
      "Name": "District2",
      "PosX": 402.06,
      "PosY": -2.743022,
      "PosZ": 166.81,
      "Scale": {
        "magnitude": 1.73205078,
        "normalized": {
          "magnitude": 0.99999994,
          "normalized": {
            "magnitude": 1.00000012,
            "sqrMagnitude": 1.00000024,
            "x": 0.5773503,
            "y": 0.5773503,
            "z": 0.5773503
          },
          "sqrMagnitude": 0.99999994,
          "x": 0.577350259,
          "y": 0.577350259,
          "z": 0.577350259
        },
        "sqrMagnitude": 3,
        "x": 1,
        "y": 1,
        "z": 1
      },
      "Trigger": {
        "DimX": 1,
        "DimY": 1,
        "DimZ": 1,
        "PointList": [],
        "Radius": 4
      },
      "ValueSource": {}
    }
  ],
  "GroupName": "MainMission1032902_B",
  "IsHoyoGroup": true,
  "LevelGraph": "Config/Level/GroupGraph/F20332001/Group_F20332001_G166.json",
  "MonsterList": [],
  "NPCList": [],
  "OwnerMainMissionID": 1032902,
  "PathwayList": [],
  "PedestrianList": [],
  "PropList": [
    {
      "BridgeStateRotations": [],
      "CameraCenterEntityList": [],
      "CampID": 4,
      "CustomTriggerMap": {},
      "CustomTriggerMapV2": {},
      "DialogueGroups": [],
      "DialogueTriggerAngle": 120,
      "DialogueTriggerSkipFakeAvatar": true,
      "ID": 300001,
      "InteractTitle": {
        "Hash": 371857150
      },
      "LoadOnInitial": true,
      "LookAtPlayerTriggerRadius": 2,
      "Name": "Prop1",
      "OverrideHintRange": -1,
      "OverrideLockRaycastOffset": 1.5,
      "OverrideMapIconType": -1,
      "OverridePropName": {
        "Hash": 371857150
      },
      "OverrideSoundRange": -1,
      "PosX": 382.8064,
      "PosY": -2.743024,
      "PosZ": 149.6943,
      "PropID": 100,
      "Scale": {
        "magnitude": 1.73205078,
        "normalized": {
          "magnitude": 0.99999994,
          "normalized": {
            "magnitude": 1.00000012,
            "sqrMagnitude": 1.00000024,
            "x": 0.5773503,
            "y": 0.5773503,
            "z": 0.5773503
          },
          "sqrMagnitude": 0.99999994,
          "x": 0.577350259,
          "y": 0.577350259,
          "z": 0.577350259
        },
        "sqrMagnitude": 3,
        "x": 1,
        "y": 1,
        "z": 1
      },
      "ServerInteractVerificationIDList": [],
      "SpawnConfig": {
        "EntitySpawnConfig": {
          "BlackInDistance": 25,
          "NeedBlackIn": true,
          "NeedFadeIn": true,
          "NeedFadeOut": true
        }
      },
      "TalkDialogGroupIDList": [],
      "TriggerValidGuest": {
        "LocalPlayer": true,
        "Teammember": true
      },
      "ValueSource": {}
    },
    {
      "BridgeStateRotations": [],
      "CameraCenterEntityList": [],
      "CampID": 4,
      "CustomTriggerMap": {},
      "CustomTriggerMapV2": {
        "MissionTrigger": {
          "DimX": 7,
          "DimY": 4,
          "DimZ": 7,