{
  "AnchorList": [],
  "AreaAnchorName": "LevelArea_P10341_F10341001_G264",
  "AudienceList": [],
  "BattleAreaList": [],
  "ConflictIDList": [],
  "ConflictWhiteList": [],
  "CrowdList": [],
  "DistrictList": [
    {
      "DistrictType": "Level",
      "ID": 1,
      "LoadOnInitial": true,
      "NPCCrowdRadius": 25,
      "Name": "District1",
      "PosX": 0.482481,
      "PosY": 6.24,
      "PosZ": 107.8227,
      "Scale": {
        "magnitude": 1.73205078,
        "normalized": {
          "magnitude": 0.99999994,
          "normalized": {
            "magnitude": 1.00000012,
            "sqrMagnitude": 1.00000024,
            "x": 0.5773503,
            "y": 0.5773503,
            "z": 0.5773503
          },
          "sqrMagnitude": 0.99999994,
          "x": 0.577350259,
          "y": 0.577350259,
          "z": 0.577350259
        },
        "sqrMagnitude": 3,
        "x": 1,
        "y": 1,
        "z": 1
      },
      "Trigger": {
        "DimX": 1,
        "DimY": 6,
        "DimZ": 1,
        "PointList": [
          {
            "magnitude": 5.570402,
            "normalized": {
              "magnitude": 1,
              "sqrMagnitude": 1.00000012,
              "x": -0.5172975,
              "y": -0.8558057
            },
            "sqrMagnitude": 31.0293827,
            "x": -2.881555,
            "y": -4.767182
          },
          {
            "magnitude": 4.76035357,
            "normalized": {
              "magnitude": 1,
              "sqrMagnitude": 1,
              "x": -0.868228853,
              "y": -0.496164
            },
            "sqrMagnitude": 22.6609669,
            "x": -4.133076,
            "y": -2.361916
          },
          {
            "magnitude": 5.50774574,
            "normalized": {
              "magnitude": 0.99999994,
              "normalized": {
                "magnitude": 1,
                "sqrMagnitude": 1.00000012,
                "x": -0.871769965,
                "y": -0.48991552
              },
              "sqrMagnitude": 0.99999994,
              "x": -0.8717699,
              "y": -0.4899155
            },
            "sqrMagnitude": 30.3352623,
            "x": -4.801487,
            "y": -2.69833
          },
          {
            "magnitude": 5.86616468,
            "normalized": {
              "magnitude": 1,
              "sqrMagnitude": 1.00000012,
              "x": -0.990885556,
              "y": -0.134706587
            },
            "sqrMagnitude": 34.41189,
            "x": -5.812698,
            "y": -0.790211
          },
          {
            "magnitude": 5.448999,
            "normalized": {
              "magnitude": 1,
              "sqrMagnitude": 1.00000012,
              "x": -0.9989472,
              "y": -0.04587595
            },
            "sqrMagnitude": 29.6915913,
            "x": -5.443262,
            "y": -0.249978
          },
          {
            "magnitude": 4.597211,
            "normalized": {
              "magnitude": 1,
              "sqrMagnitude": 1,
              "x": -0.869264245,
              "y": 0.494347751
            },
            "sqrMagnitude": 21.1343479,
            "x": -3.996191,
            "y": 2.272621
          },
          {
            "magnitude": 3.44282985,
            "normalized": {
              "magnitude": 1,
              "sqrMagnitude": 1,
              "x": -0.848332644,
              "y": 0.5294636
            },
            "sqrMagnitude": 11.8530769,
            "x": -2.920665,
            "y": 1.822853
          },
          {
            "magnitude": 3.90152717,
            "normalized": {
              "magnitude": 0.99999994,
              "normalized": {
                "magnitude": 1,
                "sqrMagnitude": 1.00000012,
                "x": -0.628304,
                "y": 0.777968
              },
              "sqrMagnitude": 0.99999994,
              "x": -0.628303945,
              "y": 0.77796793
            },
            "sqrMagnitude": 15.2219143,
            "x": -2.451345,
            "y": 3.035263
          },
          {
            "magnitude": 3.34464836,
            "normalized": {
              "magnitude": 1,
              "sqrMagnitude": 1,
              "x": 0.4071824,
              "y": 0.9133469
            },
            "sqrMagnitude": 11.1866722,
            "x": 1.361882,
            "y": 3.054824
          },
          {
            "magnitude": 2.64305282,
            "normalized": {
              "magnitude": 1,
              "sqrMagnitude": 1,
              "x": 0.744626045,
              "y": 0.6674819
            },
            "sqrMagnitude": 6.98572874,
            "x": 1.968086,
            "y": 1.76419
          },
          {
            "magnitude": 3.79459977,
            "normalized": {
              "magnitude": 0.99999994,
              "normalized": {
                "magnitude": 1,
                "sqrMagnitude": 1.00000012,
                "x": 0.796937048,
                "y": 0.604062438
              },
              "sqrMagnitude": 0.99999994,
              "x": 0.796937,
              "y": 0.6040624
            },
            "sqrMagnitude": 14.3989868,
            "x": 3.024057,
            "y": 2.292175
          },
          {
            "magnitude": 4.158474,
            "normalized": {
              "magnitude": 0.99999994,
              "normalized": {
                "magnitude": 1,
                "sqrMagnitude": 1.00000012,
                "x": 0.9999457,
                "y": 0.0104244985
              },
              "sqrMagnitude": 0.99999994,
              "x": 0.999945641,
              "y": 0.0104244975
            },
            "sqrMagnitude": 17.2929039,
            "x": 4.158248,
            "y": 0.04335
          },
          {
            "magnitude": 4.725336,
            "normalized": {
              "magnitude": 1,
              "sqrMagnitude": 1,
              "x": 0.9834483,
              "y": -0.181189016
            },
            "sqrMagnitude": 22.3288021,
            "x": 4.647124,
            "y": -0.856179
          },
          {
            "magnitude": 4.66812468,
            "normalized": {
              "magnitude": 1,
              "sqrMagnitude": 1,
              "x": 0.819561,
              "y": -0.572991967
            },
            "sqrMagnitude": 21.79139,
            "x": 3.825813,
            "y": -2.674798
          },
          {
            "magnitude": 3.98895049,
            "normalized": {
              "magnitude": 1,
              "sqrMagnitude": 1,
              "x": 0.8022288,
              "y": -0.5970167
            },
            "sqrMagnitude": 15.911726,
            "x": 3.200051,
            "y": -2.38147
          },
          {
            "magnitude": 5.21173048,
            "normalized": {
              "magnitude": 0.9999999,
              "normalized": {
                "magnitude": 1,
                "sqrMagnitude": 1.00000012,
                "x": 0.37762627,
                "y": -0.925958157
              },
              "sqrMagnitude": 0.9999998,
              "x": 0.3776262,
              "y": -0.925958037
            },
            "sqrMagnitude": 27.1621323,
            "x": 1.968086,
            "y": -4.825844
          }
        ],
        "Radius": 1,
        "Shape": "Polygon"
      },
      "ValueSource": {}
    }
  ],
  "GroupName": "Achievement",
  "IsHoyoGroup": true,
  "LevelGraph": "Config/Level/GroupGraph/F10341001/Group_F10341001_G264.json",
  "LoadOnInitial": true,
  "MonsterList": [],
  "NPCList": [],
  "PathwayList": [],
  "PedestrianList": [],
  "PropList": [],
  "SaveType": "Reset",
  "SavedValueCondition": {
    "Conditions": [],
    "Operation": "And"
  },
  "SmartObjectList": [],
  "StreamingTemplateType": "Standard",
  "ValueSource": {},
  "WaypointList": []
}