{
  "AnchorList": [],
  "AreaAnchorName": "LevelArea_P20003_F20003001_G108",
  "BattleAreaList": [],
  "CrowdList": [],
  "DistrictList": [
    {
      "DistrictType": "Level",
      "ID": 1,
      "LevelGraph": "Config/Level/Maze/MazeShelter/InitLevelGraph_MazeShelter_Common.json",
      "LoadOnInitial": true,
      "NPCCrowdRadius": 25,
      "Name": "District1",
      "PosX": 176.39,
      "PosY": 60,
      "PosZ": 151.03,
      "Scale": {
        "magnitude": 1.73205078,
        "normalized": {
          "magnitude": 0.99999994,
          "normalized": {
            "magnitude": 1.00000012,
            "sqrMagnitude": 1.00000024,
            "x": 0.5773503,
            "y": 0.5773503,
            "z": 0.5773503
          },
          "sqrMagnitude": 0.99999994,
          "x": 0.577350259,
          "y": 0.577350259,
          "z": 0.577350259
        },
        "sqrMagnitude": 3,
        "x": 1,
        "y": 1,
        "z": 1
      },
      "Trigger": {
        "DimX": 1,
        "DimY": 50,
        "DimZ": 1,
        "PointList": [
          {
            "magnitude": 15.0827122,
            "normalized": {
              "magnitude": 1.00000012,
              "normalized": {
                "magnitude": 0.99999994,
                "normalized": {
                  "magnitude": 1,
                  "sqrMagnitude": 1,
                  "x": -0.823467255,
                  "y": -0.567363858
                },
                "sqrMagnitude": 0.9999999,
                "x": -0.8234672,
                "y": -0.5673638
              },
              "sqrMagnitude": 1.00000024,
              "x": -0.8234673,
              "y": -0.567363858
            },
            "sqrMagnitude": 227.48822,
            "x": -12.42012,
            "y": -8.557385
          },
          {
            "magnitude": 15.637682,
            "normalized": {
              "magnitude": 0.99999994,
              "normalized": {
                "magnitude": 1,
                "sqrMagnitude": 1.00000012,
                "x": -0.7183316,
                "y": 0.695701
              },
              "sqrMagnitude": 0.99999994,
              "x": -0.7183315,
              "y": 0.695700943
            },
            "sqrMagnitude": 244.5371,
            "x": -11.23304,
            "y": 10.87915
          },
          {
            "magnitude": 26.0664749,
            "normalized": {
              "magnitude": 1,
              "sqrMagnitude": 1.00000012,
              "x": 0.9073241,
              "y": 0.420432
            },
            "sqrMagnitude": 679.4611,
            "x": 23.65074,
            "y": 10.95918
          },
          {
            "magnitude": 25.89709,
            "normalized": {
              "magnitude": 1,
              "sqrMagnitude": 1,
              "x": 0.9335331,
              "y": -0.3584913
            },
            "sqrMagnitude": 670.659363,
            "x": 24.17579,
            "y": -9.283882
          },
          {
            "magnitude": 110.798759,
            "normalized": {
              "magnitude": 0.99999994,
              "normalized": {
                "magnitude": 1,
                "sqrMagnitude": 1,
                "x": 0.9982486,
                "y": -0.05915905
              },
              "sqrMagnitude": 0.9999999,
              "x": 0.9982485,
              "y": -0.0591590479
            },
            "sqrMagnitude": 12276.3643,
            "x": 110.6047,
            "y": -6.554749
          },
          {
            "magnitude": 172.702759,
            "normalized": {
              "magnitude": 1,
              "sqrMagnitude": 1.00000012,
              "x": 0.6257034,
              "y": -0.7800611
            },
            "sqrMagnitude": 29826.2441,
            "x": 108.0607,
            "y": -134.7187
          },
          {
            "magnitude": 125.529625,
            "normalized": {
              "magnitude": 1,
              "sqrMagnitude": 1,
              "x": -0.215057686,
              "y": -0.976601362
            },
            "sqrMagnitude": 15757.6865,
            "x": -26.99611,
            "y": -122.5924
          },
          {
            "magnitude": 56.81239,
            "normalized": {
              "magnitude": 1,
              "sqrMagnitude": 1,
              "x": -0.469654262,
              "y": -0.8828504
            },
            "sqrMagnitude": 3227.64746,
            "x": -26.68218,
            "y": -50.15684
          },
          {
            "magnitude": 26.9619541,
            "normalized": {
              "magnitude": 1,
              "sqrMagnitude": 1,
              "x": -0.454465955,
              "y": -0.8907641
            },
            "sqrMagnitude": 726.94696,
            "x": -12.25329,
            "y": -24.01674
          }
        ],
        "Radius": 1,
        "Shape": "Polygon"
      }
    }
  ],
  "GroupName": "Shelter Group",
  "LoadCondition": {
    "Conditions": [
      {
        "ID": 1000401,
        "Phase": "Finish"
      }
    ]
  },
  "MonsterList": [],
  "NPCList": [],
  "PathwayList": [],
  "PedestrianList": [],
  "PropList": [],
  "SaveType": "Reset",
  "StreamingTemplateType": "Standard",
  "WaypointList": []
}