{
  "AnchorList": [],
  "AreaAnchorName": "LevelArea_P40107_F40107002_G3",
  "AudienceList": [],
  "BattleAreaList": [],
  "ConflictIDList": [],
  "ConflictWhiteList": [],
  "CrowdList": [],
  "CurveList": [],
  "DistrictList": [
    {
      "BGMEmotion": "State_BGM_D1",
      "CanTriggerByFakeAvatar": true,
      "ID": 1,
      "LoadOnInitial": true,
      "NPCCrowdRadius": 25,
      "Name": "District1",
      "PosY": -10.1,
      "PosZ": -6.8,
      "Scale": {
        "magnitude": 1.73205078,
        "normalized": {
          "magnitude": 0.99999994,
          "normalized": {
            "magnitude": 1.00000012,
            "sqrMagnitude": 1.00000024,
            "x": 0.5773503,
            "y": 0.5773503,
            "z": 0.5773503
          },
          "sqrMagnitude": 0.99999994,
          "x": 0.577350259,
          "y": 0.577350259,
          "z": 0.577350259
        },
        "sqrMagnitude": 3,
        "x": 1,
        "y": 1,
        "z": 1
      },
      "SoundUsage": "BGMEmotion",
      "Trigger": {
        "DimX": 1,
        "DimY": 30,
        "DimZ": 1,
        "PointList": [
          {
            "magnitude": 58.81695,
            "normalized": {
              "magnitude": 1,
              "sqrMagnitude": 1.00000012,
              "x": -0.689540148,
              "y": -0.7242475
            },
            "sqrMagnitude": 3459.43384,
            "x": -40.55665,
            "y": -42.59803
          },
          {
            "magnitude": 73.76661,
            "normalized": {
              "magnitude": 1,
              "sqrMagnitude": 1.00000012,
              "x": -0.526591659,
              "y": 0.8501184
            },
            "sqrMagnitude": 5441.5127,
            "x": -38.84488,
            "y": 62.71035
          },
          {
            "magnitude": 77.60069,
            "normalized": {
              "magnitude": 1,
              "sqrMagnitude": 1.00000012,
              "x": 0.5826192,
              "y": 0.812745333
            },
            "sqrMagnitude": 6021.86768,
            "x": 45.21165,
            "y": 63.0696
          },
          {
            "magnitude": 61.5391541,
            "normalized": {
              "magnitude": 0.99999994,
              "normalized": {
                "magnitude": 1,
                "sqrMagnitude": 1.00000012,
                "x": 0.7007515,
                "y": -0.71340555
              },
              "sqrMagnitude": 0.99999994,
              "x": 0.7007514,
              "y": -0.7134055
            },
            "sqrMagnitude": 3787.06738,
            "x": 43.12365,
            "y": -43.90237
          }
        ],
        "Radius": 1,
        "Shape": "Polygon"
      },
      "ValueSource": {}
    },
    {
      "BGMEmotion": "State_BGM_D2",
      "CanTriggerByFakeAvatar": true,
      "ID": 2,
      "LoadOnInitial": true,
      "NPCCrowdRadius": 25,
      "Name": "District2",
      "PosX": -351.9,
      "PosY": -132,
      "PosZ": 453.2,
      "Scale": {
        "magnitude": 1.73205078,
        "normalized": {
          "magnitude": 0.99999994,
          "normalized": {
            "magnitude": 1.00000012,
            "sqrMagnitude": 1.00000024,
            "x": 0.5773503,
            "y": 0.5773503,
            "z": 0.5773503
          },
          "sqrMagnitude": 0.99999994,
          "x": 0.577350259,
          "y": 0.577350259,
          "z": 0.577350259
        },
        "sqrMagnitude": 3,
        "x": 1,
        "y": 1,
        "z": 1
      },
      "SoundUsage": "BGMEmotion",
      "Trigger": {
        "DimX": 1,
        "DimY": 70,
        "DimZ": 1,
        "PointList": [
          {
            "magnitude": 232.276062,
            "normalized": {
              "magnitude": 1,
              "sqrMagnitude": 1.00000012,
              "x": -0.847235858,
              "y": -0.531217039
            },
            "sqrMagnitude": 53952.17,
            "x": -196.7926,
            "y": -123.389
          },
          {
            "magnitude": 244.198975,
            "normalized": {
              "magnitude": 0.99999994,
              "normalized": {
                "magnitude": 1,
                "sqrMagnitude": 1,
                "x": -0.853740752,
                "y": 0.520698369
              },
              "sqrMagnitude": 0.9999999,
              "x": -0.8537407,
              "y": 0.5206983
            },
            "sqrMagnitude": 59633.1367,
            "x": -208.4826,
            "y": 127.154
          },
          {
            "magnitude": 247.454788,
            "normalized": {
              "magnitude": 1,
              "sqrMagnitude": 1.00000012,
              "x": 0.8590309,
              "y": 0.51192385
            },
            "sqrMagnitude": 61233.875,
            "x": 212.5713,
            "y": 126.678
          },
          {
            "magnitude": 240.43396,
            "normalized": {
              "magnitude": 1,
              "sqrMagnitude": 1,
              "x": 0.8864858,
              "y": -0.462755769
            },
            "sqrMagnitude": 57808.49,
            "x": 213.1413,
            "y": -111.2622
          }
        ],
        "Radius": 1,
        "Shape": "Polygon"
      },
      "ValueSource": {}
    },
    {
      "BGMEmotion": "State_BGM_D5",
      "CanTriggerByFakeAvatar": true,
      "ID": 3,
      "LoadOnInitial": true,
      "NPCCrowdRadius": 25,
      "Name": "District3",
      "PosX": -373.7753,
      "PosY": -48.3,
      "PosZ": 866.0823,
      "Scale": {
        "magnitude": 1.73205078,
        "normalized": {
          "magnitude": 0.99999994,
          "normalized": {
            "magnitude": 1.00000012,
            "sqrMagnitude": 1.00000024,
            "x": 0.5773503,
            "y": 0.5773503,
            "z": 0.5773503
          },
          "sqrMagnitude": 0.99999994,
          "x": 0.577350259,
          "y": 0.577350259,
          "z": 0.577350259
        },
        "sqrMagnitude": 3,
        "x": 1,
        "y": 1,
        "z": 1
      },
      "SoundUsage": "BGMEmotion",
      "Trigger": {
        "DimX": 1,
        "DimY": 100,
        "DimZ": 1,
        "PointList": [
          {
            "magnitude": 218.16983,
            "normalized": {
              "magnitude": 1,
              "sqrMagnitude": 1,
              "x": -0.6411469,
              "y": -0.7674182
            },
            "sqrMagnitude": 47598.08,
            "x": -139.8789,
            "y": -167.4275
          },
          {
            "magnitude": 159.161591,
            "normalized": {
              "magnitude": 1,
              "sqrMagnitude": 1,
              "x": -0.880017638,
              "y": 0.474941
            },
            "sqrMagnitude": 25332.41,
            "x": -140.065,
            "y": 75.59236
          },
          {
            "magnitude": 184.8421,
            "normalized": {
              "magnitude": 1,
              "sqrMagnitude": 1.00000012,
              "x": 0.912868857,
              "y": 0.408253044
            },
            "sqrMagnitude": 34166.6055,
            "x": 168.7366,
            "y": 75.46235
          },
          {
            "magnitude": 255.4855,
            "normalized": {
              "magnitude": 1,
              "sqrMagnitude": 1,
              "x": 0.6866261,
              "y": -0.7270107
            },
            "sqrMagnitude": 65272.84,
            "x": 175.423,
            "y": -185.7407
          }
        ],
        "Radius": 1,
        "Shape": "Polygon"
      },
      "ValueSource": {}
    },
    {
      "BGMEmotion": "State_BGM_D3",
      "CanTriggerByFakeAvatar": true,
      "ID": 4,
      "LoadOnInitial": true,
      "NPCCrowdRadius": 25,
      "Name": "District4",
      "PosX": 374.8,
      "PosY": -27.4,
      "PosZ": 423.09,
      "Scale": {
        "magnitude": 1.73205078,
        "normalized": {
          "magnitude": 0.99999994,
          "normalized": {
            "magnitude": 1.00000012,
            "sqrMagnitude": 1.00000024,
            "x": 0.5773503,