{
  "AnchorList": [],
  "AreaAnchorName": "LevelArea_P20222_F20222001_G174",
  "AudienceList": [],
  "BattleAreaList": [],
  "Category": "Atmosphere",
  "ConflictIDList": [],
  "CrowdList": [],
  "CurveList": [],
  "DistrictList": [
    {
      "DistrictType": "Level",
      "ID": 1,
      "LevelGraph": "Config/Level/Maze/MazeShelter/InitLevelGraph_MazeShelter_Common.json",
      "LoadOnInitial": true,
      "NPCCrowdRadius": 25,
      "Name": "District1",
      "PosX": -132.4,
      "PosY": 43.4,
      "PosZ": 35.9,
      "Scale": {
        "magnitude": 1.73205078,
        "normalized": {
          "magnitude": 0.99999994,
          "normalized": {
            "magnitude": 1.00000012,
            "sqrMagnitude": 1.00000024,
            "x": 0.5773503,
            "y": 0.5773503,
            "z": 0.5773503
          },
          "sqrMagnitude": 0.99999994,
          "x": 0.577350259,
          "y": 0.577350259,
          "z": 0.577350259
        },
        "sqrMagnitude": 3,
        "x": 1,
        "y": 1,
        "z": 1
      },
      "Trigger": {
        "DimX": 1,
        "DimY": 20,
        "DimZ": 1,
        "PointList": [
          {
            "magnitude": 81.05845,
            "normalized": {
              "magnitude": 0.99999994,
              "normalized": {
                "magnitude": 1,
                "sqrMagnitude": 1.00000012,
                "x": -0.2727299,
                "y": -0.9620907
              },
              "sqrMagnitude": 0.99999994,
              "x": -0.272729874,
              "y": -0.9620906
            },
            "sqrMagnitude": 6570.47168,
            "x": -22.10706,
            "y": -77.98557
          },
          {
            "magnitude": 36.8053169,
            "normalized": {
              "magnitude": 1,
              "sqrMagnitude": 1,
              "x": -0.5554907,
              "y": 0.831522763
            },
            "sqrMagnitude": 1354.63135,
            "x": -20.44501,
            "y": 30.60446
          },
          {
            "magnitude": 50.46375,
            "normalized": {
              "magnitude": 1,
              "sqrMagnitude": 1,
              "x": 0.813381732,
              "y": 0.5817303
            },
            "sqrMagnitude": 2546.58984,
            "x": 41.04629,
            "y": 29.35629
          },
          {
            "magnitude": 90.21544,
            "normalized": {
              "magnitude": 1,
              "sqrMagnitude": 1,
              "x": 0.450452954,
              "y": -0.892800152
            },
            "sqrMagnitude": 8138.825,
            "x": 40.63781,
            "y": -80.54436
          }
        ],
        "Radius": 1,
        "Shape": "Polygon"
      }
    }
  ],
  "GroupName": "Shelter Group",
  "LittleGameList": [],
  "LoadCondition": {
    "Conditions": [
      {
        "ID": 1021101,
        "Phase": "Finish"
      }
    ]
  },
  "MonsterList": [],
  "NPCList": [
    {
      "BoardShowList": [],
      "BornType": "Mission",
      "CameraCenterEntityList": [],
      "CameraConfig": {},
      "DefaultAnimationType": "FreeStyle",
      "DefaultIdleFreeStyleMotionID": 200230000,
      "DefaultLookAtMode": "LookPlayer",
      "DialogueGroups": [],
      "DialogueTriggerAngle": 120,
      "DialogueTriggerSkipFakeAvatar": true,
      "DialogueTriggerSkipSpecifiedFakeAvatarList": [],
      "ID": 400001,
      "InitialHiddenNodeList": [],
      "InteractIconType": "ChatIcon",
      "LoadOnInitial": true,
      "NPCID": 2201,
      "Name": "NPC1",
      "OverrideNPCName": {
        "Hash": 371857150
      },
      "OverrideNPCTitle": {
        "Hash": 371857150
      },
      "OverrideReplaceMaterialKeyList": [],
      "PosX": -104.85,
      "PosY": 51.94149,
      "PosZ": 46.18,
      "RotY": 233.8324,
      "ServerInteractVerificationIDList": [],
      "SpawnConfig": {
        "CaptureDistanceTolerance": 1.5,
        "EntitySpawnConfig": {
          "BlackInDistance": 25,
          "NeedBlackIn": true,
          "NeedFadeIn": true,
          "NeedFadeOut": true
        },
        "TryCapture": true
      },
      "TalkDialogGroupIDList": [],
      "TriggerValidGuest": {
        "LocalPlayer": true,
        "Teammember": true
      },
      "ValueSource": {}
    },
    {
      "BoardShowList": [],
      "BornType": "Mission",
      "CameraCenterEntityList": [],
      "DefaultAnimationType": "FreeStyle",
      "DefaultIdleFreeStyleMotionID": 200230000,
      "DefaultLookAtMode": "LookPlayer",
      "DialogueGroups": [],
      "DialogueTriggerAngle": 120,
      "DialogueTriggerSkipFakeAvatar": true,
      "DialogueTriggerSkipSpecifiedFakeAvatarList": [],
      "ID": 400002,
      "InitialHiddenNodeList": [],
      "InteractIconType": "ChatIcon",
      "LoadOnInitial": true,
      "NPCID": 2201,
      "Name": "NPC2",
      "OverrideNPCName": {
        "Hash": 371857150
      },
      "OverrideNPCTitle": {
        "Hash": 371857150
      },
      "OverrideReplaceMaterialKeyList": [],
      "PosX": -104.76,
      "PosY": 51.94149,
      "PosZ": 39.07,
      "RotY": 294.617,
      "ServerInteractVerificationIDList": [],
      "TalkDialogGroupIDList": []
    }
  ],
  "PathwayList": [],
  "PedestrianList": [],
  "PedestrianV2List": [],
  "PropList": [],
  "SaveType": "Reset",
  "SmartObjectList": [],
  "StreamingTemplateType": "Standard",
  "ValueSource": {},
  "WaypointList": []
}