{
  "AnchorList": [],
  "AreaAnchorName": "LevelArea_P20311_F20311001_G404",
  "BattleAreaList": [],
  "ConflictIDList": [],
  "ConflictWhiteList": [],
  "CrowdList": [],
  "DistrictList": [
    {
      "DistrictType": "Level",
      "ID": 1,
      "LevelGraph": "Config/Level/Maze/MazeShelter/InitLevelGraph_MazeShelter_Common.json",
      "LoadOnInitial": true,
      "NPCCrowdRadius": 25,
      "Name": "District1",
      "PosX": -141.0724,
      "PosY": 25.57,
      "PosZ": -3.445343,
      "Scale": {
        "magnitude": 1.73205078,
        "normalized": {
          "magnitude": 0.99999994,
          "normalized": {
            "magnitude": 1.00000012,
            "sqrMagnitude": 1.00000024,
            "x": 0.5773503,
            "y": 0.5773503,
            "z": 0.5773503
          },
          "sqrMagnitude": 0.99999994,
          "x": 0.577350259,
          "y": 0.577350259,
          "z": 0.577350259
        },
        "sqrMagnitude": 3,
        "x": 1,
        "y": 1,
        "z": 1
      },
      "Trigger": {
        "DimX": 1,
        "DimY": 20,
        "DimZ": 1,
        "PointList": [
          {
            "magnitude": 54.60766,
            "normalized": {
              "magnitude": 1,
              "sqrMagnitude": 1,
              "x": -0.26737,
              "y": -0.96359396
            },
            "sqrMagnitude": 2981.99634,
            "x": -14.60045,
            "y": -52.61961
          },
          {
            "magnitude": 25.2959251,
            "normalized": {
              "magnitude": 0.99999994,
              "normalized": {
                "magnitude": 1,
                "sqrMagnitude": 1.00000012,
                "x": -0.607454,
                "y": 0.7943549
              },
              "sqrMagnitude": 0.9999999,
              "x": -0.607453942,
              "y": 0.794354856
            },
            "sqrMagnitude": 639.8838,
            "x": -15.36611,
            "y": 20.09394
          },
          {
            "magnitude": 25.58104,
            "normalized": {
              "magnitude": 1,
              "sqrMagnitude": 1,
              "x": 0.627027333,
              "y": 0.7789973
            },
            "sqrMagnitude": 654.3896,
            "x": 16.04001,
            "y": 19.92756
          },
          {
            "magnitude": 55.04892,
            "normalized": {
              "magnitude": 1,
              "sqrMagnitude": 1,
              "x": 0.287202716,
              "y": -0.9578698
            },
            "sqrMagnitude": 3030.38354,
            "x": 15.8102,
            "y": -52.7297
          }
        ],
        "Radius": 1,
        "Shape": "Polygon"
      },
      "ValueSource": {}
    }
  ],
  "GroupName": "SafeRoom",
  "HoYoGroupType": "Container",
  "IsHoyoGroup": true,
  "LoadOnInitial": true,
  "MonsterList": [],
  "NPCList": [],
  "PathwayList": [],
  "PedestrianList": [],
  "PropList": [],
  "SaveType": "Reset",
  "SavedValueCondition": {
    "Conditions": [
      {
        "Operation": "Equal",
        "SavedValueName": "Bar_Level",
        "Value": 1
      }
    ],
    "Operation": "And"
  },
  "SmartObjectList": [],
  "StreamingTemplateType": "Standard",
  "ValueSource": {},
  "WaypointList": []
}