{
  "AnchorList": [],
  "AreaAnchorName": "LevelArea_P20311_F20311001_G523",
  "BattleAreaList": [],
  "ConflictIDList": [],
  "ConflictWhiteList": [],
  "CrowdList": [],
  "DistrictList": [
    {
      "DistrictType": "Level",
      "ID": 1,
      "LoadOnInitial": true,
      "NPCCrowdRadius": 25,
      "Name": "District1",
      "PosX": 125.22,
      "PosY": 44.16,
      "PosZ": -268.2,
      "RotZ": 270,
      "Scale": {
        "magnitude": 1.73205078,
        "normalized": {
          "magnitude": 0.99999994,
          "normalized": {
            "magnitude": 1.00000012,
            "sqrMagnitude": 1.00000024,
            "x": 0.5773503,
            "y": 0.5773503,
            "z": 0.5773503
          },
          "sqrMagnitude": 0.99999994,
          "x": 0.577350259,
          "y": 0.577350259,
          "z": 0.577350259
        },
        "sqrMagnitude": 3,
        "x": 1,
        "y": 1,
        "z": 1
      },
      "Trigger": {
        "DimX": 1,
        "DimY": 2,
        "DimZ": 1,
        "PointList": [
          {
            "magnitude": 13.2296181,
            "normalized": {
              "magnitude": 0.99999994,
              "normalized": {
                "magnitude": 1,
                "sqrMagnitude": 1.00000012,
                "x": -0.416740477,
                "y": -0.90902555
              },
              "sqrMagnitude": 0.99999994,
              "x": -0.416740447,
              "y": -0.9090255
            },
            "sqrMagnitude": 175.0228,
            "x": -5.513317,
            "y": -12.02606
          },
          {
            "magnitude": 22.2357178,
            "normalized": {
              "magnitude": 1,
              "sqrMagnitude": 1,
              "x": -0.247295186,
              "y": 0.9689402
            },
            "sqrMagnitude": 494.427124,
            "x": -5.498786,
            "y": 21.54508
          },
          {
            "magnitude": 22.9526844,
            "normalized": {
              "magnitude": 1,
              "sqrMagnitude": 1.00000012,
              "x": 0.422590017,
              "y": 0.906321
            },
            "sqrMagnitude": 526.825745,
            "x": 9.699575,
            "y": 20.8025
          },
          {
            "magnitude": 9.34326,
            "normalized": {
              "magnitude": 1,
              "sqrMagnitude": 1,
              "x": 0.9978464,
              "y": 0.06559349
            },
            "sqrMagnitude": 87.2965,
            "x": 9.323138,
            "y": 0.612857
          },
          {
            "magnitude": 3.605109,
            "normalized": {
              "magnitude": 1,
              "sqrMagnitude": 1,
              "x": 0.9807141,
              "y": 0.1954479
            },
            "sqrMagnitude": 12.9968109,
            "x": 3.535581,
            "y": 0.704611
          },
          {
            "magnitude": 5.33073759,
            "normalized": {
              "magnitude": 1,
              "sqrMagnitude": 1,
              "x": 0.659369349,
              "y": -0.7518192
            },
            "sqrMagnitude": 28.4167652,
            "x": 3.514925,
            "y": -4.007751
          },
          {
            "magnitude": 10.1423368,
            "normalized": {
              "magnitude": 1,
              "sqrMagnitude": 1,
              "x": 0.9181969,
              "y": -0.396124274
            },
            "sqrMagnitude": 102.867,
            "x": 9.312662,
            "y": -4.017626
          },
          {
            "magnitude": 15.0488272,
            "normalized": {
              "magnitude": 0.99999994,
              "normalized": {
                "magnitude": 1,
                "sqrMagnitude": 1.00000012,
                "x": 0.619024754,
                "y": -0.785371542
              },
              "sqrMagnitude": 0.99999994,
              "x": 0.6190247,
              "y": -0.7853715
            },
            "sqrMagnitude": 226.4672,
            "x": 9.315596,
            "y": -11.81892
          }
        ],
        "Radius": 1,
        "Shape": "Polygon"
      },
      "ValueSource": {}
    }
  ],
  "GroupName": "GuruguruCtrl",
  "IsHoyoGroup": true,
  "LevelGraph": "Config/Level/GroupGraph/F20311001/Group_F20311001_G523.json",
  "LoadOnInitial": true,
  "MonsterList": [],
  "NPCList": [],
  "PathwayList": [],
  "PedestrianList": [],
  "PropList": [
    {
      "BridgeStateRotations": [],
      "CameraCenterEntityList": [],
      "CampID": 4,
      "CustomTriggerMap": {},
      "CustomTriggerMapV2": {},
      "DialogueGroups": [],
      "DialogueTriggerAngle": 120,
      "DialogueTriggerSkipFakeAvatar": true,
      "ID": 300001,
      "InteractTitle": {
        "Hash": 371857150
      },
      "LoadOnInitial": true,
      "LookAtPlayerTriggerRadius": 2,
      "Name": "Prop1",
      "OverrideHintRange": -1,
      "OverrideLockRaycastOffset": 1.5,
      "OverrideMapIconType": -1,
      "OverridePropName": {
        "Hash": 371857150
      },
      "OverrideSoundRange": -1,
      "PosX": 125.6486,
      "PosY": 41.02238,
      "PosZ": -268.632,
      "PropID": 100,
      "RotZ": 270,
      "Scale": {
        "magnitude": 1.73205078,
        "normalized": {
          "magnitude": 0.99999994,
          "normalized": {
            "magnitude": 1.00000012,
            "sqrMagnitude": 1.00000024,
            "x": 0.5773503,
            "y": 0.5773503,
            "z": 0.5773503
          },
          "sqrMagnitude": 0.99999994,
          "x": 0.577350259,
          "y": 0.577350259,
          "z": 0.577350259
        },
        "sqrMagnitude": 3,
        "x": 1,
        "y": 1,
        "z": 1
      },
      "ServerInteractVerificationIDList": [],
      "SpawnConfig": {
        "EntitySpawnConfig": {
          "BlackInDistance": 25,
          "NeedBlackIn": true,
          "NeedFadeIn": true,
          "NeedFadeOut": true
        }
      },
      "TalkDialogGroupIDList": [],
      "TriggerValidGuest": {
        "LocalPlayer": true,
        "Teammember": true
      },
      "ValueSource": {}
    }
  ],
  "SaveType": "Reset",
  "SavedValueCondition": {
    "Conditions": [],
    "Operation": "And"
  },
  "SmartObjectList": [],
  "StreamingTemplateType": "Standard",
  "ValueSource": {},
  "WaypointList": []
}