{
  "AnchorList": [],
  "AreaAnchorName": "LevelArea_P20311_F20311001_G402",
  "BattleAreaList": [],
  "ConflictIDList": [],
  "ConflictWhiteList": [],
  "CrowdList": [],
  "DistrictList": [
    {
      "DistrictType": "Level",
      "ID": 1,
      "LevelGraph": "Config/Level/Maze/MazeShelter/InitLevelGraph_MazeShelter_Common.json",
      "LoadOnInitial": true,
      "NPCCrowdRadius": 25,
      "Name": "District1",
      "PosX": 162.644,
      "PosY": 14.48,
      "PosZ": -130.6061,
      "Scale": {
        "magnitude": 1.73205078,
        "normalized": {
          "magnitude": 0.99999994,
          "normalized": {
            "magnitude": 1.00000012,
            "sqrMagnitude": 1.00000024,
            "x": 0.5773503,
            "y": 0.5773503,
            "z": 0.5773503
          },
          "sqrMagnitude": 0.99999994,
          "x": 0.577350259,
          "y": 0.577350259,
          "z": 0.577350259
        },
        "sqrMagnitude": 3,
        "x": 1,
        "y": 1,
        "z": 1
      },
      "Trigger": {
        "DimX": 1,
        "DimY": 30,
        "DimZ": 1,
        "PointList": [
          {
            "magnitude": 15.35918,
            "normalized": {
              "magnitude": 0.99999994,
              "normalized": {
                "magnitude": 1,
                "sqrMagnitude": 1.00000012,
                "x": -0.848060966,
                "y": -0.529898763
              },
              "sqrMagnitude": 0.9999999,
              "x": -0.8480609,
              "y": -0.5298987
            },
            "sqrMagnitude": 235.904419,
            "x": -13.02552,
            "y": -8.13881
          },
          {
            "magnitude": 16.0676632,
            "normalized": {
              "magnitude": 1,
              "sqrMagnitude": 1,
              "x": -0.8127672,
              "y": 0.5825886
            },
            "sqrMagnitude": 258.1698,
            "x": -13.05927,
            "y": 9.360838
          },
          {
            "magnitude": 21.6280785,
            "normalized": {
              "magnitude": 1,
              "sqrMagnitude": 1.00000012,
              "x": 0.600814342,
              "y": 0.799388647
            },
            "sqrMagnitude": 467.7738,
            "x": 12.99446,
            "y": 17.28924
          },
          {
            "magnitude": 18.9558,
            "normalized": {
              "magnitude": 1,
              "sqrMagnitude": 1,
              "x": 0.7158353,
              "y": -0.6982692
            },
            "sqrMagnitude": 359.322327,
            "x": 13.56923,
            "y": -13.23625
          }
        ],
        "Radius": 1,
        "Shape": "Polygon"
      },
      "ValueSource": {}
    }
  ],
  "GroupName": "SafeRoom",
  "HoYoGroupType": "Container",
  "IsHoyoGroup": true,
  "LoadOnInitial": true,
  "MonsterList": [],
  "NPCList": [],
  "PathwayList": [],
  "PedestrianList": [],
  "PropList": [],
  "SaveType": "Reset",
  "SavedValueCondition": {
    "Conditions": [],
    "Operation": "And"
  },
  "SmartObjectList": [],
  "StreamingTemplateType": "Standard",
  "ValueSource": {},
  "WaypointList": []
}