{
  "AnchorList": [],
  "AreaAnchorName": "LevelArea_P20311_F20311001_G403",
  "BattleAreaList": [],
  "ConflictIDList": [],
  "ConflictWhiteList": [],
  "CrowdList": [],
  "DistrictList": [
    {
      "DistrictType": "Level",
      "ID": 1,
      "LevelGraph": "Config/Level/Maze/MazeShelter/InitLevelGraph_MazeShelter_Common.json",
      "LoadOnInitial": true,
      "NPCCrowdRadius": 25,
      "Name": "District1",
      "PosX": -0.62,
      "PosY": -33.7,
      "PosZ": -270.28,
      "Scale": {
        "magnitude": 1.73205078,
        "normalized": {
          "magnitude": 0.99999994,
          "normalized": {
            "magnitude": 1.00000012,
            "sqrMagnitude": 1.00000024,
            "x": 0.5773503,
            "y": 0.5773503,
            "z": 0.5773503
          },
          "sqrMagnitude": 0.99999994,
          "x": 0.577350259,
          "y": 0.577350259,
          "z": 0.577350259
        },
        "sqrMagnitude": 3,
        "x": 1,
        "y": 1,
        "z": 1
      },
      "Trigger": {
        "DimX": 1,
        "DimY": 30,
        "DimZ": 1,
        "PointList": [
          {
            "magnitude": 50.7747841,
            "normalized": {
              "magnitude": 0.99999994,
              "normalized": {
                "magnitude": 1,
                "sqrMagnitude": 1.00000012,
                "x": -0.749362,
                "y": -0.662160635
              },
              "sqrMagnitude": 0.9999999,
              "x": -0.749361932,
              "y": -0.6621606
            },
            "sqrMagnitude": 2578.07861,
            "x": -38.04869,
            "y": -33.62106
          },
          {
            "magnitude": 52.73244,
            "normalized": {
              "magnitude": 1,
              "sqrMagnitude": 1,
              "x": -0.8616755,
              "y": 0.5074597
            },
            "sqrMagnitude": 2780.71045,
            "x": -45.43825,
            "y": 26.75959
          },
          {
            "magnitude": 52.63254,
            "normalized": {
              "magnitude": 0.99999994,
              "normalized": {
                "magnitude": 1,
                "sqrMagnitude": 1.00000012,
                "x": 0.885739565,
                "y": 0.464182645
              },
              "sqrMagnitude": 0.99999994,
              "x": 0.8857395,
              "y": 0.464182615
            },
            "sqrMagnitude": 2770.18433,
            "x": 46.61872,
            "y": 24.43111
          },
          {
            "magnitude": 51.3455276,
            "normalized": {
              "magnitude": 0.99999994,
              "normalized": {
                "magnitude": 1,
                "sqrMagnitude": 1.00000012,
                "x": 0.7357808,
                "y": -0.677219868
              },
              "sqrMagnitude": 0.9999999,
              "x": 0.7357807,
              "y": -0.6772198
            },
            "sqrMagnitude": 2636.36328,
            "x": 37.77905,
            "y": -34.77221
          }
        ],
        "Radius": 1,
        "Shape": "Polygon"
      },
      "ValueSource": {}
    }
  ],
  "GroupName": "SafeRoom",
  "HoYoGroupType": "Container",
  "IsHoyoGroup": true,
  "LoadOnInitial": true,
  "MonsterList": [],
  "NPCList": [],
  "PathwayList": [],
  "PedestrianList": [],
  "PropList": [],
  "SaveType": "Reset",
  "SavedValueCondition": {
    "Conditions": [
      {
        "Operation": "Equal",
        "SavedValueName": "Crowd_Level",
        "Value": 2
      }
    ],
    "Operation": "And"
  },
  "SmartObjectList": [],
  "StreamingTemplateType": "Standard",
  "ValueSource": {},
  "WaypointList": []
}