{
  "AnchorList": [],
  "AreaAnchorName": "LevelArea_P30126_F30126002_G5",
  "AudienceList": [],
  "BattleAreaList": [],
  "ConflictIDList": [],
  "ConflictWhiteList": [],
  "CrowdList": [],
  "CurveList": [],
  "DistrictList": [
    {
      "BGMEmotion": "State_Bgm_D1",
      "CanTriggerByFakeAvatar": true,
      "ID": 1,
      "LoadOnInitial": true,
      "NPCCrowdRadius": 25,
      "Name": "District1",
      "PosX": 80.11,
      "PosY": -104.81,
      "PosZ": -34.87,
      "Scale": {
        "magnitude": 1.73205078,
        "normalized": {
          "magnitude": 0.99999994,
          "normalized": {
            "magnitude": 1.00000012,
            "sqrMagnitude": 1.00000024,
            "x": 0.5773503,
            "y": 0.5773503,
            "z": 0.5773503
          },
          "sqrMagnitude": 0.99999994,
          "x": 0.577350259,
          "y": 0.577350259,
          "z": 0.577350259
        },
        "sqrMagnitude": 3,
        "x": 1,
        "y": 1,
        "z": 1
      },
      "SoundUsage": "BGMEmotion",
      "Trigger": {
        "DimX": 1,
        "DimY": 28,
        "DimZ": 1,
        "PointList": [
          {
            "magnitude": 51.65655,
            "normalized": {
              "magnitude": 0.99999994,
              "normalized": {
                "magnitude": 1,
                "sqrMagnitude": 1.00000012,
                "x": -0.9237183,
                "y": -0.383072644
              },
              "sqrMagnitude": 0.99999994,
              "x": -0.9237182,
              "y": -0.3830726
            },
            "sqrMagnitude": 2668.39941,
            "x": -47.7161,
            "y": -19.78821
          },
          {
            "magnitude": 40.3789139,
            "normalized": {
              "magnitude": 0.99999994,
              "normalized": {
                "magnitude": 1,
                "sqrMagnitude": 1,
                "x": -0.6502303,
                "y": 0.7597372
              },
              "sqrMagnitude": 0.9999999,
              "x": -0.6502302,
              "y": 0.759737134
            },
            "sqrMagnitude": 1630.45654,
            "x": -26.25559,
            "y": 30.67736
          },
          {
            "magnitude": 106.673492,
            "normalized": {
              "magnitude": 0.99999994,
              "normalized": {
                "magnitude": 1,
                "sqrMagnitude": 1,
                "x": -0.491075546,
                "y": 0.871117
              },
              "sqrMagnitude": 0.9999999,
              "x": -0.491075516,
              "y": 0.871116936
            },
            "sqrMagnitude": 11379.2334,
            "x": -52.38474,
            "y": 92.92509
          },
          {
            "magnitude": 138.499176,
            "normalized": {
              "magnitude": 0.99999994,
              "normalized": {
                "magnitude": 1,
                "sqrMagnitude": 1,
                "x": 0.5385897,
                "y": 0.8425682
              },
              "sqrMagnitude": 0.99999994,
              "x": 0.538589656,
              "y": 0.842568159
            },
            "sqrMagnitude": 19182.0215,
            "x": 74.59422,
            "y": 116.695
          },
          {
            "magnitude": 96.16412,
            "normalized": {
              "magnitude": 1,
              "sqrMagnitude": 1,
              "x": 0.9956166,
              "y": 0.09352839
            },
            "sqrMagnitude": 9247.539,
            "x": 95.7426,
            "y": 8.994076
          },
          {
            "magnitude": 78.42647,
            "normalized": {
              "magnitude": 1,
              "sqrMagnitude": 1,
              "x": 0.8672452,
              "y": -0.497881263
            },
            "sqrMagnitude": 6150.711,
            "x": 68.01498,
            "y": -39.04707
          },
          {
            "magnitude": 68.4975052,
            "normalized": {
              "magnitude": 1,
              "sqrMagnitude": 1,
              "x": 0.463404745,
              "y": -0.8861467
            },
            "sqrMagnitude": 4691.908,
            "x": 31.74207,
            "y": -60.69884
          }
        ],
        "Radius": 1,
        "Shape": "Polygon"
      },
      "ValueSource": {}
    },
    {
      "BGMEmotion": "State_Bgm_D1",
      "CanTriggerByFakeAvatar": true,
      "ID": 2,
      "LoadOnInitial": true,
      "NPCCrowdRadius": 25,
      "Name": "District2",
      "PosX": -0.21,
      "PosY": -195.78,
      "PosZ": -0.81,
      "Scale": {
        "magnitude": 1.73205078,
        "normalized": {
          "magnitude": 0.99999994,
          "normalized": {
            "magnitude": 1.00000012,
            "sqrMagnitude": 1.00000024,
            "x": 0.5773503,
            "y": 0.5773503,
            "z": 0.5773503
          },
          "sqrMagnitude": 0.99999994,
          "x": 0.577350259,
          "y": 0.577350259,
          "z": 0.577350259
        },
        "sqrMagnitude": 3,
        "x": 1,
        "y": 1,
        "z": 1
      },
      "SoundUsage": "BGMEmotion",
      "Trigger": {
        "DimX": 1,
        "DimY": 24,
        "DimZ": 1,
        "PointList": [
          {
            "magnitude": 41.5737228,
            "normalized": {
              "magnitude": 0.99999994,
              "normalized": {
                "magnitude": 1,
                "sqrMagnitude": 1,
                "x": -0.3771101,
                "y": -0.926168442
              },
              "sqrMagnitude": 0.9999999,
              "x": -0.377110064,
              "y": -0.9261684
            },
            "sqrMagnitude": 1728.37439,
            "x": -15.67787,
            "y": -38.50427
          },
          {
            "magnitude": 42.0250778,
            "normalized": {
              "magnitude": 1,
              "sqrMagnitude": 1.00000012,
              "x": -0.9304342,
              "y": -0.366459042
            },
            "sqrMagnitude": 1766.10718,
            "x": -39.10157,
            "y": -15.40047
          },
          {
            "magnitude": 43.181366,
            "normalized": {
              "magnitude": 1,
              "sqrMagnitude": 1,
              "x": -0.914627135,
              "y": 0.404298484
            },
            "sqrMagnitude": 1864.63049,
            "x": -39.49485,
            "y": 17.45816
          },
          {
            "magnitude": 43.7138062,
            "normalized": {
              "magnitude": 1,
              "sqrMagnitude": 1.00000012,
              "x": -0.370510638,
              "y": 0.9288283
            },
            "sqrMagnitude": 1910.897,
            "x": -16.19643,
            "y": 40.60262
          },
          {
            "magnitude": 44.7571068,
            "normalized": {
              "magnitude": 1,
              "sqrMagnitude": 1,
              "x": 0.429326475,
              "y": 0.903149366
            },
            "sqrMagnitude": 2003.19849,
            "x": 19.21541,
            "y": 40.42235
          },
          {
            "magnitude": 44.02682,
            "normalized": {
              "magnitude": 1,
              "sqrMagnitude": 1.00000012,
              "x": 0.91338253,
              "y": 0.407102525
            },
            "sqrMagnitude": 1938.36108,
            "x": 40.21333,
            "y": 17.92343
          },
          {
            "magnitude": 42.23613,
            "normalized": {
              "magnitude": 1,
              "sqrMagnitude": 1,
              "x": 0.932858169,
              "y": -0.360243946
            },
            "sqrMagnitude": 1783.89063,
            "x": 39.40032,
            "y": -15.21531
          },
          {
            "magnitude": 41.9446373,
            "normalized": {
              "magnitude": 1,
              "sqrMagnitude": 1,
              "x": 0.383198231,
              "y": -0.9236661
            },
            "sqrMagnitude": 1759.35254,
            "x": 16.07311,