{
  "AnchorList": [],
  "AreaAnchorName": "LevelArea_P20313_F20313001_G202",
  "AtmosphereCondition": {
    "Operation": "And"
  },
  "AudienceList": [],
  "BattleAreaList": [],
  "Category": "Atmosphere",
  "ConflictIDList": [],
  "ConflictWhiteList": [],
  "CrowdList": [],
  "CurveList": [],
  "DistrictList": [
    {
      "DistrictType": "Level",
      "ID": 1,
      "LevelGraph": "Config/Level/Maze/MazeShelter/InitLevelGraph_MazeShelter_Common.json",
      "LoadOnInitial": true,
      "NPCCrowdRadius": 25,
      "Name": "District1",
      "PosX": 113.6557,
      "PosY": 166.2,
      "PosZ": 755.8109,
      "Scale": {
        "magnitude": 1.73205078,
        "normalized": {
          "magnitude": 0.99999994,
          "normalized": {
            "magnitude": 1.00000012,
            "sqrMagnitude": 1.00000024,
            "x": 0.5773503,
            "y": 0.5773503,
            "z": 0.5773503
          },
          "sqrMagnitude": 0.99999994,
          "x": 0.577350259,
          "y": 0.577350259,
          "z": 0.577350259
        },
        "sqrMagnitude": 3,
        "x": 1,
        "y": 1,
        "z": 1
      },
      "Trigger": {
        "DimX": 1,
        "DimY": 30,
        "DimZ": 1,
        "PointList": [
          {
            "magnitude": 71.54331,
            "normalized": {
              "magnitude": 1,
              "sqrMagnitude": 1,
              "x": 0.02472308,
              "y": -0.999694347
            },
            "sqrMagnitude": 5118.446,
            "x": 1.768771,
            "y": -71.52145
          },
          {
            "magnitude": 57.8496056,
            "normalized": {
              "magnitude": 0.99999994,
              "normalized": {
                "magnitude": 1,
                "sqrMagnitude": 1.00000012,
                "x": 0.0236176047,
                "y": -0.9997211
              },
              "sqrMagnitude": 0.99999994,
              "x": 0.0236176029,
              "y": -0.99972105
            },
            "sqrMagnitude": 3346.577,
            "x": 1.366269,
            "y": -57.83347
          },
          {
            "magnitude": 58.0993,
            "normalized": {
              "magnitude": 0.99999994,
              "normalized": {
                "magnitude": 1,
                "sqrMagnitude": 1.00000012,
                "x": -0.115068488,
                "y": -0.9933576
              },
              "sqrMagnitude": 0.99999994,
              "x": -0.11506848,
              "y": -0.993357539
            },
            "sqrMagnitude": 3375.52856,
            "x": -6.685398,
            "y": -57.71338
          },
          {
            "magnitude": 78.56101,
            "normalized": {
              "magnitude": 1,
              "sqrMagnitude": 1.00000012,
              "x": -0.08928802,
              "y": -0.9960059
            },
            "sqrMagnitude": 6171.833,
            "x": -7.014557,
            "y": -78.24723
          },
          {
            "magnitude": 97.90811,
            "normalized": {
              "magnitude": 1,
              "sqrMagnitude": 1,
              "x": -0.5881205,
              "y": -0.8087733
            },
            "sqrMagnitude": 9585.998,
            "x": -57.58177,
            "y": -79.18546
          },
          {
            "magnitude": 59.8295975,
            "normalized": {
              "magnitude": 0.99999994,
              "normalized": {
                "magnitude": 1,
                "sqrMagnitude": 1.00000012,
                "x": -0.9849119,
                "y": 0.173056677
              },
              "sqrMagnitude": 0.99999994,
              "x": -0.984911859,
              "y": 0.173056662
            },
            "sqrMagnitude": 3579.58057,
            "x": -58.92688,
            "y": 10.35391
          },
          {
            "magnitude": 42.9136162,
            "normalized": {
              "magnitude": 1,
              "sqrMagnitude": 1,
              "x": 0.9632155,
              "y": 0.268730342
            },
            "sqrMagnitude": 1841.57861,
            "x": 41.33506,
            "y": 11.53219
          },
          {
            "magnitude": 81.06377,
            "normalized": {
              "magnitude": 0.99999994,
              "normalized": {
                "magnitude": 1,
                "sqrMagnitude": 1.00000012,
                "x": 0.486847371,
                "y": -0.8734871
              },
              "sqrMagnitude": 0.99999994,
              "x": 0.486847341,
              "y": -0.873487055
            },
            "sqrMagnitude": 6571.334,
            "x": 39.46568,
            "y": -70.80815
          }
        ],
        "Radius": 1,
        "Shape": "Polygon"
      },
      "ValueSource": {}
    }
  ],
  "GroupName": "SafeRoom",
  "HoYoGroupType": "Container",
  "IsHoyoGroup": true,
  "LittleGameList": [],
  "LoadOnInitial": true,
  "MonsterList": [],
  "NPCList": [],
  "PathwayList": [],
  "PedestrianList": [],
  "PedestrianV2List": [],
  "PropList": [],
  "SaveType": "Reset",
  "SmartObjectList": [],
  "StreamingTemplateType": "Standard",
  "ValueSource": {},
  "WaypointList": []
}