{
  "AnchorList": [],
  "AreaAnchorName": "LevelArea_P20002_F20002001_G98",
  "BattleAreaList": [],
  "CrowdList": [],
  "DistrictList": [
    {
      "DistrictType": "Level",
      "ID": 1,
      "LevelGraph": "Config/Level/Maze/MazeShelter/InitLevelGraph_MazeShelter_Common.json",
      "LoadOnInitial": true,
      "NPCCrowdRadius": 25,
      "Name": "N2_Shelter_1",
      "PosX": 7.06,
      "PosY": 2.01,
      "PosZ": -104.15,
      "Scale": {
        "magnitude": 1.73205078,
        "normalized": {
          "magnitude": 0.99999994,
          "normalized": {
            "magnitude": 1.00000012,
            "sqrMagnitude": 1.00000024,
            "x": 0.5773503,
            "y": 0.5773503,
            "z": 0.5773503
          },
          "sqrMagnitude": 0.99999994,
          "x": 0.577350259,
          "y": 0.577350259,
          "z": 0.577350259
        },
        "sqrMagnitude": 3,
        "x": 1,
        "y": 1,
        "z": 1
      },
      "Trigger": {
        "DimX": 1,
        "DimY": 5,
        "DimZ": 1,
        "PointList": [
          {
            "magnitude": 19.3355331,
            "normalized": {
              "magnitude": 1,
              "sqrMagnitude": 1,
              "x": -0.79929316,
              "y": -0.6009413
            },
            "sqrMagnitude": 373.862854,
            "x": -15.45476,
            "y": -11.61952
          },
          {
            "magnitude": 20.7950783,
            "normalized": {
              "magnitude": 0.99999994,
              "normalized": {
                "magnitude": 1,
                "sqrMagnitude": 1.00000012,
                "x": -0.256204873,
                "y": 0.966622531
              },
              "sqrMagnitude": 0.99999994,
              "x": -0.256204844,
              "y": 0.9666225
            },
            "sqrMagnitude": 432.435242,
            "x": -5.3278,
            "y": 20.10099
          },
          {
            "magnitude": 63.2393837,
            "normalized": {
              "magnitude": 0.99999994,
              "normalized": {
                "magnitude": 1,
                "sqrMagnitude": 1.00000012,
                "x": 0.9977737,
                "y": -0.0666912347
              },
              "sqrMagnitude": 0.99999994,
              "x": 0.997773647,
              "y": -0.06669123
            },
            "sqrMagnitude": 3999.21948,
            "x": 63.09859,
            "y": -4.217512
          },
          {
            "magnitude": 62.72354,
            "normalized": {
              "magnitude": 0.99999994,
              "normalized": {
                "magnitude": 1,
                "sqrMagnitude": 1,
                "x": 0.8665336,
                "y": -0.499118835
              },
              "sqrMagnitude": 0.99999994,
              "x": 0.8665335,
              "y": -0.4991188
            },
            "sqrMagnitude": 3934.24243,
            "x": 54.35205,
            "y": -31.3065
          }
        ],
        "Radius": 1,
        "Shape": "Polygon"
      }
    },
    {
      "DistrictType": "Level",
      "ID": 2,
      "LevelGraph": "Config/Level/Maze/MazeShelter/InitLevelGraph_MazeShelter_Common.json",
      "LoadOnInitial": true,
      "NPCCrowdRadius": 25,
      "Name": "N2_Shelter_2",
      "PosX": -112.585,
      "PosY": -3,
      "PosZ": -75.327,
      "Scale": {
        "magnitude": 1.73205078,
        "normalized": {
          "magnitude": 0.99999994,
          "normalized": {
            "magnitude": 1.00000012,
            "sqrMagnitude": 1.00000024,
            "x": 0.5773503,
            "y": 0.5773503,
            "z": 0.5773503
          },
          "sqrMagnitude": 0.99999994,
          "x": 0.577350259,
          "y": 0.577350259,
          "z": 0.577350259
        },
        "sqrMagnitude": 3,
        "x": 1,
        "y": 1,
        "z": 1
      },
      "Trigger": {
        "DimX": 1,
        "DimY": 10,
        "DimZ": 1,
        "PointList": [
          {
            "magnitude": 10.7939882,
            "normalized": {
              "magnitude": 1,
              "sqrMagnitude": 1,
              "x": -0.7801597,
              "y": -0.6255804
            },
            "sqrMagnitude": 116.510178,
            "x": -8.421035,
            "y": -6.752507
          },
          {
            "magnitude": 12.4574633,
            "normalized": {
              "magnitude": 0.99999994,
              "normalized": {
                "magnitude": 1,
                "sqrMagnitude": 1,
                "x": -0.597249,
                "y": 0.802055955
              },
              "sqrMagnitude": 0.99999994,
              "x": -0.5972489,
              "y": 0.8020559
            },
            "sqrMagnitude": 155.188385,
            "x": -7.440206,
            "y": 9.991582
          },
          {
            "magnitude": 11.23291,
            "normalized": {
              "magnitude": 0.99999994,
              "normalized": {
                "magnitude": 1,
                "sqrMagnitude": 1.00000012,
                "x": 0.115456372,
                "y": 0.9933126
              },
              "sqrMagnitude": 0.99999994,
              "x": 0.115456365,
              "y": 0.993312538
            },
            "sqrMagnitude": 126.178261,
            "x": 1.296911,
            "y": 11.15779
          },
          {
            "magnitude": 11.015933,
            "normalized": {
              "magnitude": 0.99999994,
              "normalized": {
                "magnitude": 1,
                "sqrMagnitude": 1.00000012,
                "x": 0.318738878,
                "y": 0.9478426
              },
              "sqrMagnitude": 0.99999994,
              "x": 0.318738848,
              "y": 0.947842538
            },
            "sqrMagnitude": 121.350777,
            "x": 3.511206,
            "y": 10.44137
          },
          {
            "magnitude": 15.1822281,
            "normalized": {
              "magnitude": 1,
              "sqrMagnitude": 1,
              "x": 0.7784806,
              "y": 0.6276687
            },
            "sqrMagnitude": 230.500061,
            "x": 11.81907,
            "y": 9.529409
          },
          {
            "magnitude": 13.5522318,
            "normalized": {
              "magnitude": 0.99999994,
              "normalized": {
                "magnitude": 1,
                "sqrMagnitude": 1,
                "x": 0.922915936,
                "y": -0.38500154
              },
              "sqrMagnitude": 0.9999999,
              "x": 0.9229159,
              "y": -0.3850015
            },
            "sqrMagnitude": 183.662979,
            "x": 12.50757,
            "y": -5.21763
          },
          {
            "magnitude": 7.696539,
            "normalized": {
              "magnitude": 0.99999994,
              "normalized": {
                "magnitude": 1,
                "sqrMagnitude": 1,
                "x": 0.4821844,
                "y": -0.8760698
              },
              "sqrMagnitude": 0.9999999,
              "x": 0.48218438,
              "y": -0.8760697
            },
            "sqrMagnitude": 59.23671,
            "x": 3.711151,
            "y": -6.742705
          },
          {
            "magnitude": 7.194287,
            "normalized": {
              "magnitude": 1,
              "sqrMagnitude": 1,
              "x": 0.2187661,
              "y": -0.9757773
            },
            "sqrMagnitude": 51.7577629,
            "x": 1.573866,
            "y": -7.020022
          }
        ],
        "Radius": 1,
        "Shape": "Polygon"
      }
    },
    {
      "DistrictType": "Level",
      "ID": 3,
      "LevelGraph": "Config/Level/Maze/MazeShelter/InitLevelGraph_MazeShelter_Common.json",
      "LoadOnInitial": true,
      "NPCCrowdRadius": 25,
      "Name": "N2_Shelter_3",
      "PosX": -16.14,
      "PosY": 15,
      "PosZ": -104.1,
      "Scale": {
        "magnitude": 1.73205078,
        "normalized": {
          "magnitude": 0.99999994,