{
  "AnchorList": [
    {
      "ID": 1,
      "Name": "Anchor1",
      "PosX": -30.225,
      "PosY": 53.65179,
      "PosZ": -79.313,
      "RotY": 87.24064,
      "Usage": "Actor"
    }
  ],
  "AreaAnchorName": "LevelArea_P20241_F20241001_G197",
  "AudienceList": [],
  "BattleAreaList": [],
  "Category": "Mission",
  "ConflictIDList": [],
  "ConflictWhiteList": [],
  "CrowdList": [],
  "DistrictList": [
    {
      "DistrictType": "Level",
      "ID": 1,
      "LoadOnInitial": true,
      "NPCCrowdRadius": 25,
      "Name": "District1",
      "PosX": -27.31,
      "PosY": 53.65179,
      "PosZ": -78.98,
      "RotY": 342.6853,
      "Scale": {
        "magnitude": 1.73205078,
        "normalized": {
          "magnitude": 0.99999994,
          "normalized": {
            "magnitude": 1.00000012,
            "sqrMagnitude": 1.00000024,
            "x": 0.5773503,
            "y": 0.5773503,
            "z": 0.5773503
          },
          "sqrMagnitude": 0.99999994,
          "x": 0.577350259,
          "y": 0.577350259,
          "z": 0.577350259
        },
        "sqrMagnitude": 3,
        "x": 1,
        "y": 1,
        "z": 1
      },
      "Trigger": {
        "DimX": 1,
        "DimY": 1,
        "DimZ": 1,
        "PointList": [
          {
            "magnitude": 8.251607,
            "normalized": {
              "magnitude": 0.9999999,
              "normalized": {
                "magnitude": 1,
                "sqrMagnitude": 1.00000012,
                "x": -0.906496048,
                "y": -0.422214419
              },
              "sqrMagnitude": 0.9999998,
              "x": -0.9064959,
              "y": -0.422214359
            },
            "sqrMagnitude": 68.08901,
            "x": -7.480048,
            "y": -3.483947
          },
          {
            "magnitude": 3.54963374,
            "normalized": {
              "magnitude": 1,
              "sqrMagnitude": 1,
              "x": -0.9092332,
              "y": -0.416287154
            },
            "sqrMagnitude": 12.5999,
            "x": -3.227445,
            "y": -1.477667
          },
          {
            "magnitude": 4.70646,
            "normalized": {
              "magnitude": 1,
              "sqrMagnitude": 1,
              "x": -0.7859402,
              "y": 0.6183025
            },
            "sqrMagnitude": 22.1507645,
            "x": -3.698996,
            "y": 2.910016
          },
          {
            "magnitude": 8.920286,
            "normalized": {
              "magnitude": 1,
              "sqrMagnitude": 1,
              "x": -0.786126554,
              "y": 0.6180656
            },
            "sqrMagnitude": 79.57151,
            "x": -7.012474,
            "y": 5.513322
          },
          {
            "magnitude": 7.5356946,
            "normalized": {
              "magnitude": 0.99999994,
              "normalized": {
                "magnitude": 1,
                "sqrMagnitude": 1,
                "x": 0.5843137,
                "y": 0.8115279
              },
              "sqrMagnitude": 0.9999999,
              "x": 0.584313631,
              "y": 0.811527848
            },
            "sqrMagnitude": 56.78669,
            "x": 4.403209,
            "y": 6.115426
          },
          {
            "magnitude": 7.31237364,
            "normalized": {
              "magnitude": 1,
              "sqrMagnitude": 1.00000012,
              "x": 0.195311964,
              "y": -0.9807412
            },
            "sqrMagnitude": 53.47081,
            "x": 1.428194,
            "y": -7.171546
          }
        ],
        "Radius": 1,
        "Shape": "Polygon"
      },
      "ValueSource": {}
    }
  ],
  "GroupName": "MainMission4340125_02",
  "IsHoyoGroup": true,
  "LevelGraph": "Config/Level/GroupGraph/F20241001/Group_F20241001_G197.json",
  "MonsterList": [],
  "NPCList": [
    {
      "BoardShowList": [],
      "BornType": "Mission",
      "CameraCenterEntityList": [],
      "DefaultAnimationType": "FreeStyle",
      "DefaultIdleFreeStyleMotionID": 200580000,
      "DialogueGroups": [],
      "DialogueTriggerAngle": 120,
      "DialogueTriggerSkipFakeAvatar": true,
      "ID": 400001,
      "InitialHiddenNodeList": [],
      "InteractIconType": "ChatIcon",
      "LoadOnInitial": true,
      "NPCID": 2220,
      "Name": "NPC1",
      "OverrideNPCName": {
        "Hash": 371857150
      },
      "OverrideNPCTitle": {
        "Hash": 371857150
      },
      "PosX": -29.01,
      "PosY": 53.65179,
      "PosZ": -79.04,
      "RotY": 258.3187,
      "ServerInteractVerificationIDList": [],
      "SpawnConfig": {
        "CaptureDistanceTolerance": 1.5,
        "EntitySpawnConfig": {
          "BlackInDistance": 25,
          "NeedBlackIn": true,
          "NeedFadeIn": true,
          "NeedFadeOut": true
        },
        "TryCapture": true
      },
      "TalkDialogGroupIDList": [],
      "TriggerValidGuest": {
        "LocalPlayer": true,
        "Teammember": true
      },
      "ValueSource": {}
    }
  ],
  "OwnerMainMissionID": 4340125,
  "PathwayList": [],
  "PedestrianList": [],
  "PropList": [],
  "SaveType": "Reset",
  "SmartObjectList": [],
  "StreamingTemplateType": "Standard",
  "ValueSource": {},
  "WaypointList": []
}