{
  "AnchorList": [],
  "AreaAnchorName": "LevelArea_P20322_F20322001_G160",
  "BattleAreaList": [],
  "ConflictIDList": [],
  "ConflictWhiteList": [],
  "CrowdList": [],
  "DistrictList": [
    {
      "DistrictType": "Level",
      "ID": 1,
      "LoadOnInitial": true,
      "NPCCrowdRadius": 25,
      "Name": "District1",
      "PosX": -18.84554,
      "PosY": 89.00391,
      "PosZ": 119.2905,
      "Scale": {
        "magnitude": 1.73205078,
        "normalized": {
          "magnitude": 0.99999994,
          "normalized": {
            "magnitude": 1.00000012,
            "sqrMagnitude": 1.00000024,
            "x": 0.5773503,
            "y": 0.5773503,
            "z": 0.5773503
          },
          "sqrMagnitude": 0.99999994,
          "x": 0.577350259,
          "y": 0.577350259,
          "z": 0.577350259
        },
        "sqrMagnitude": 3,
        "x": 1,
        "y": 1,
        "z": 1
      },
      "Trigger": {
        "DimX": 1,
        "DimY": 1,
        "DimZ": 1,
        "PointList": [
          {
            "magnitude": 7.071068,
            "normalized": {
              "magnitude": 0.99999994,
              "normalized": {
                "magnitude": 1,
                "sqrMagnitude": 1.00000012,
                "x": -0.7071068,
                "y": -0.7071068
              },
              "sqrMagnitude": 0.99999994,
              "x": -0.707106769,
              "y": -0.707106769
            },
            "sqrMagnitude": 50,
            "x": -5,
            "y": -5
          },
          {
            "magnitude": 7.071068,
            "normalized": {
              "magnitude": 0.99999994,
              "normalized": {
                "magnitude": 1,
                "sqrMagnitude": 1.00000012,
                "x": -0.7071068,
                "y": 0.7071068
              },
              "sqrMagnitude": 0.99999994,
              "x": -0.707106769,
              "y": 0.707106769
            },
            "sqrMagnitude": 50,
            "x": -5,
            "y": 5
          },
          {
            "magnitude": 7.071068,
            "normalized": {
              "magnitude": 0.99999994,
              "normalized": {
                "magnitude": 1,
                "sqrMagnitude": 1.00000012,
                "x": 0.7071068,
                "y": 0.7071068
              },
              "sqrMagnitude": 0.99999994,
              "x": 0.707106769,
              "y": 0.707106769
            },
            "sqrMagnitude": 50,
            "x": 5,
            "y": 5
          },
          {
            "magnitude": 6.04850531,
            "normalized": {
              "magnitude": 1,
              "sqrMagnitude": 1,
              "x": 0.568482757,
              "y": -0.8226952
            },
            "sqrMagnitude": 36.5844154,
            "x": 3.438471,
            "y": -4.976076
          }
        ],
        "Radius": 10,
        "Shape": "GeometrySphere"
      },
      "ValueSource": {}
    },
    {
      "DistrictType": "Level",
      "ID": 2,
      "LoadOnInitial": true,
      "NPCCrowdRadius": 25,
      "Name": "District2",
      "PosX": -18.84554,
      "PosY": 89.00391,
      "PosZ": 119.2905,
      "Scale": {
        "magnitude": 1.73205078,
        "normalized": {
          "magnitude": 0.99999994,
          "normalized": {
            "magnitude": 1.00000012,
            "sqrMagnitude": 1.00000024,
            "x": 0.5773503,
            "y": 0.5773503,
            "z": 0.5773503
          },
          "sqrMagnitude": 0.99999994,
          "x": 0.577350259,
          "y": 0.577350259,
          "z": 0.577350259
        },
        "sqrMagnitude": 3,
        "x": 1,
        "y": 1,
        "z": 1
      },
      "Trigger": {
        "DimX": 1,
        "DimY": 1,
        "DimZ": 1,
        "PointList": [
          {
            "magnitude": 7.071068,
            "normalized": {
              "magnitude": 0.99999994,
              "normalized": {
                "magnitude": 1,
                "sqrMagnitude": 1.00000012,
                "x": -0.7071068,
                "y": -0.7071068
              },
              "sqrMagnitude": 0.99999994,
              "x": -0.707106769,
              "y": -0.707106769
            },
            "sqrMagnitude": 50,
            "x": -5,
            "y": -5
          },
          {
            "magnitude": 7.071068,
            "normalized": {
              "magnitude": 0.99999994,
              "normalized": {
                "magnitude": 1,
                "sqrMagnitude": 1.00000012,
                "x": -0.7071068,
                "y": 0.7071068
              },
              "sqrMagnitude": 0.99999994,
              "x": -0.707106769,
              "y": 0.707106769
            },
            "sqrMagnitude": 50,
            "x": -5,
            "y": 5
          },
          {
            "magnitude": 7.071068,
            "normalized": {
              "magnitude": 0.99999994,
              "normalized": {
                "magnitude": 1,
                "sqrMagnitude": 1.00000012,
                "x": 0.7071068,
                "y": 0.7071068
              },
              "sqrMagnitude": 0.99999994,
              "x": 0.707106769,
              "y": 0.707106769
            },
            "sqrMagnitude": 50,
            "x": 5,
            "y": 5
          },
          {
            "magnitude": 6.04850531,
            "normalized": {
              "magnitude": 1,
              "sqrMagnitude": 1,
              "x": 0.568482757,
              "y": -0.8226952
            },
            "sqrMagnitude": 36.5844154,
            "x": 3.438471,
            "y": -4.976076
          }
        ],
        "Radius": 3,
        "Shape": "GeometrySphere"
      },
      "ValueSource": {}
    }
  ],
  "GroupName": "OrigamiBird_Normal",
  "IsHoyoGroup": true,
  "IsPendedUnload": true,
  "LevelGraph": "Config/Level/GroupGraph/F20322001/Group_F20322001_G160.json",
  "LoadSide": "Server",
  "MonsterList": [],
  "NPCList": [
    {
      "BoardShowList": [
        2,
        4,
        8
      ],
      "BornType": "Mission",
      "CameraCenterEntityList": [],
      "CampID": 1,
      "DefaultIdleFreeStyleMotionID": 900090266,
      "DefaultLookAtMode": "LookPlayer",
      "DialogueGroups": [],
      "DialogueTriggerAngle": 120,
      "DialogueTriggerSkipFakeAvatar": true,
      "ID": 400001,
      "InitialHiddenNodeList": [],
      "InteractIconType": "ChatIcon",
      "IsClientOnly": true,
      "LoadOnInitial": true,
      "NPCID": 3027,
      "Name": "NPC1",
      "OverrideNPCName": {
        "Hash": 371857150
      },
      "OverrideNPCTitle": {
        "Hash": 371857150
      },
      "PosX": -17.21935,
      "PosY": 90.434,
      "PosZ": 119.1296,
      "RotY": 248.6428,
      "ServerInteractVerificationIDList": [],
      "SpawnConfig": {
        "CaptureDistanceTolerance": 10,
        "EntitySpawnConfig": {
          "BlackInDistance": 25,
          "NeedBlackIn": true,
          "NeedFadeIn": true,
          "NeedFadeOut": true
        },
        "TryCapture": true
      },
      "StaticNPC": true,
      "TalkDialogGroupIDList": [],
      "TriggerValidGuest": {
        "LocalPlayer": true,
        "Teammember": true
      },
      "ValueSource": {
        "SharedValues": [],
        "Values": []
      }
    }
  ],
  "PathwayList": [],
  "PedestrianList": [],
  "PropList": [
    {
      "BridgeStateRotations": [],
      "CameraCenterEntityList": [
        {
          "EntityID": 300003,
          "IsOwnerGroup": true
        }
      ],
      "CampID": 4,
      "CustomTriggerMap": {},
      "CustomTriggerMapV2": {
        "InteractTrigger": {
          "DimX": 2,
          "DimY": 2,
          "DimZ": 2,
          "PointList": [],
          "Radius": 3
        }
      },
      "DialogueGroups": [],
      "DialogueTriggerAngle": 120,
      "DialogueTriggerSkipFakeAvatar": true,
      "EventID": 20322706,
      "ID": 300001,
      "InteractTitle": {
        "Hash": 371857150
      },