{
  "AnchorList": [],
  "AreaAnchorName": "LevelArea_P20312_F20312001_G249",
  "BattleAreaList": [],
  "ConflictIDList": [],
  "ConflictWhiteList": [],
  "CrowdList": [],
  "DistrictList": [
    {
      "DistrictType": "Level",
      "ID": 1,
      "LevelGraph": "Config/Level/Maze/MazeShelter/InitLevelGraph_MazeShelter_Common.json",
      "LoadOnInitial": true,
      "NPCCrowdRadius": 25,
      "Name": "District1",
      "PosX": -133.6768,
      "PosY": 8.31,
      "PosZ": -10.64396,
      "Scale": {
        "magnitude": 1.73205078,
        "normalized": {
          "magnitude": 0.99999994,
          "normalized": {
            "magnitude": 1.00000012,
            "sqrMagnitude": 1.00000024,
            "x": 0.5773503,
            "y": 0.5773503,
            "z": 0.5773503
          },
          "sqrMagnitude": 0.99999994,
          "x": 0.577350259,
          "y": 0.577350259,
          "z": 0.577350259
        },
        "sqrMagnitude": 3,
        "x": 1,
        "y": 1,
        "z": 1
      },
      "Trigger": {
        "DimX": 1,
        "DimY": 20,
        "DimZ": 1,
        "PointList": [
          {
            "magnitude": 17.5641251,
            "normalized": {
              "magnitude": 1,
              "sqrMagnitude": 1,
              "x": -0.56584543,
              "y": -0.824511349
            },
            "sqrMagnitude": 308.498474,
            "x": -9.93858,
            "y": -14.48182
          },
          {
            "magnitude": 17.499939,
            "normalized": {
              "magnitude": 1,
              "sqrMagnitude": 1,
              "x": -0.6272193,
              "y": 0.7788427
            },
            "sqrMagnitude": 306.247864,
            "x": -10.9763,
            "y": 13.6297
          },
          {
            "magnitude": 12.15105,
            "normalized": {
              "magnitude": 1,
              "sqrMagnitude": 1,
              "x": 0.577979147,
              "y": 0.816051543
            },
            "sqrMagnitude": 147.64801,
            "x": 7.023053,
            "y": 9.915883
          },
          {
            "magnitude": 10.7137814,
            "normalized": {
              "magnitude": 1,
              "sqrMagnitude": 1,
              "x": 0.660928845,
              "y": -0.7504486
            },
            "sqrMagnitude": 114.78511,
            "x": 7.081047,
            "y": -8.040142
          }
        ],
        "Radius": 1,
        "Shape": "Polygon"
      },
      "ValueSource": {}
    }
  ],
  "GroupName": "SafeRoom",
  "HoYoGroupType": "Container",
  "IsHoyoGroup": true,
  "LoadOnInitial": true,
  "MonsterList": [],
  "NPCList": [],
  "PathwayList": [],
  "PedestrianList": [],
  "PropList": [],
  "SaveType": "Reset",
  "SavedValueCondition": {
    "Conditions": [],
    "Operation": "And"
  },
  "SmartObjectList": [],
  "StreamingTemplateType": "Standard",
  "ValueSource": {},
  "WaypointList": []
}