{
  "AnchorList": [],
  "AreaAnchorName": "LevelArea_P20312_F20312001_G248",
  "BattleAreaList": [],
  "ConflictIDList": [],
  "ConflictWhiteList": [],
  "CrowdList": [],
  "DistrictList": [
    {
      "DistrictType": "Level",
      "ID": 1,
      "LevelGraph": "Config/Level/Maze/MazeShelter/InitLevelGraph_MazeShelter_Common.json",
      "LoadOnInitial": true,
      "NPCCrowdRadius": 25,
      "Name": "District1",
      "PosX": -74.10916,
      "PosY": -0.82,
      "PosZ": -17.42088,
      "Scale": {
        "magnitude": 1.73205078,
        "normalized": {
          "magnitude": 0.99999994,
          "normalized": {
            "magnitude": 1.00000012,
            "sqrMagnitude": 1.00000024,
            "x": 0.5773503,
            "y": 0.5773503,
            "z": 0.5773503
          },
          "sqrMagnitude": 0.99999994,
          "x": 0.577350259,
          "y": 0.577350259,
          "z": 0.577350259
        },
        "sqrMagnitude": 3,
        "x": 1,
        "y": 1,
        "z": 1
      },
      "Trigger": {
        "DimX": 1,
        "DimY": 30,
        "DimZ": 1,
        "PointList": [
          {
            "magnitude": 13.0604706,
            "normalized": {
              "magnitude": 1,
              "sqrMagnitude": 1,
              "x": -0.764428139,
              "y": -0.644708931
            },
            "sqrMagnitude": 170.5759,
            "x": -9.983791,
            "y": -8.420202
          },
          {
            "magnitude": 14.308217,
            "normalized": {
              "magnitude": 1,
              "sqrMagnitude": 1,
              "x": -0.7195145,
              "y": 0.694477439
            },
            "sqrMagnitude": 204.725082,
            "x": -10.29497,
            "y": 9.936734
          },
          {
            "magnitude": 17.6665516,
            "normalized": {
              "magnitude": 1.00000012,
              "normalized": {
                "magnitude": 0.99999994,
                "normalized": {
                  "magnitude": 1,
                  "sqrMagnitude": 1,
                  "x": 0.8391349,
                  "y": 0.543923438
                },
                "sqrMagnitude": 0.9999999,
                "x": 0.8391348,
                "y": 0.5439234
              },
              "sqrMagnitude": 1.00000024,
              "x": 0.839134932,
              "y": 0.543923438
            },
            "sqrMagnitude": 312.107056,
            "x": 14.82462,
            "y": 9.609251
          },
          {
            "magnitude": 17.4521484,
            "normalized": {
              "magnitude": 0.99999994,
              "normalized": {
                "magnitude": 1,
                "sqrMagnitude": 1,
                "x": 0.867304742,
                "y": -0.497777551
              },
              "sqrMagnitude": 0.9999999,
              "x": 0.8673047,
              "y": -0.497777522
            },
            "sqrMagnitude": 304.577454,
            "x": 15.13633,
            "y": -8.687287
          }
        ],
        "Radius": 1,
        "Shape": "Polygon"
      },
      "ValueSource": {}
    }
  ],
  "GroupName": "SafeRoom",
  "HoYoGroupType": "Container",
  "IsHoyoGroup": true,
  "LoadOnInitial": true,
  "MonsterList": [],
  "NPCList": [],
  "PathwayList": [],
  "PedestrianList": [],
  "PropList": [],
  "SaveType": "Reset",
  "SavedValueCondition": {
    "Conditions": [],
    "Operation": "And"
  },
  "SmartObjectList": [],
  "StreamingTemplateType": "Standard",
  "ValueSource": {},
  "WaypointList": []
}