{
  "AnchorList": [],
  "AreaAnchorName": "LevelArea_P80503_F80503001_G15",
  "AudienceList": [],
  "BattleAreaList": [],
  "ConflictIDList": [],
  "ConflictWhiteList": [],
  "CrowdList": [],
  "CurveList": [],
  "DistrictList": [
    {
      "ID": 1,
      "LoadOnInitial": true,
      "NPCCrowdRadius": 25,
      "Name": "District1",
      "OnEnterAudioState": [
        {
          "GroupName": "StateGroup_Maze_Penocony_P1_2",
          "StateName": "State_MagicWalkwall_Wide"
        }
      ],
      "PosX": -114.8,
      "PosY": 3.9,
      "PosZ": -56.5,
      "Scale": {
        "magnitude": 1.73205078,
        "normalized": {
          "magnitude": 0.99999994,
          "normalized": {
            "magnitude": 1.00000012,
            "sqrMagnitude": 1.00000024,
            "x": 0.5773503,
            "y": 0.5773503,
            "z": 0.5773503
          },
          "sqrMagnitude": 0.99999994,
          "x": 0.577350259,
          "y": 0.577350259,
          "z": 0.577350259
        },
        "sqrMagnitude": 3,
        "x": 1,
        "y": 1,
        "z": 1
      },
      "Trigger": {
        "DimX": 80,
        "DimY": 30,
        "DimZ": 70,
        "PointList": [
          {
            "magnitude": 69.2737045,
            "normalized": {
              "magnitude": 0.99999994,
              "normalized": {
                "magnitude": 1,
                "sqrMagnitude": 1,
                "x": -0.7351987,
                "y": -0.677851737
              },
              "sqrMagnitude": 0.99999994,
              "x": -0.7351986,
              "y": -0.6778517
            },
            "sqrMagnitude": 4798.8457,
            "x": -50.92993,
            "y": -46.9573
          },
          {
            "magnitude": 51.91399,
            "normalized": {
              "magnitude": 0.99999994,
              "normalized": {
                "magnitude": 1,
                "sqrMagnitude": 1,
                "x": -0.96534276,
                "y": 0.260985374
              },
              "sqrMagnitude": 0.9999999,
              "x": -0.9653427,
              "y": 0.260985345
            },
            "sqrMagnitude": 2695.06226,
            "x": -50.11479,
            "y": 13.54879
          },
          {
            "magnitude": 35.10158,
            "normalized": {
              "magnitude": 1,
              "sqrMagnitude": 1,
              "x": 0.9247501,
              "y": 0.380574882
            },
            "sqrMagnitude": 1232.121,
            "x": 32.46019,
            "y": 13.35878
          },
          {
            "magnitude": 57.89636,
            "normalized": {
              "magnitude": 1,
              "sqrMagnitude": 1,
              "x": 0.53458786,
              "y": -0.8451129
            },
            "sqrMagnitude": 3351.98828,
            "x": 30.95069,
            "y": -48.92896
          }
        ],
        "Radius": 1,
        "Shape": "Polygon"
      },
      "ValueSource": {}
    },
    {
      "ID": 2,
      "LoadOnInitial": true,
      "NPCCrowdRadius": 25,
      "Name": "District2",
      "OnEnterAudioState": [
        {
          "GroupName": "StateGroup_Maze_Penocony_P1_2",
          "StateName": "State_Normal_Corridor"
        }
      ],
      "PosX": -114.8,
      "PosY": 7.2,
      "PosZ": -34.8,
      "Scale": {
        "magnitude": 1.73205078,
        "normalized": {
          "magnitude": 0.99999994,
          "normalized": {
            "magnitude": 1.00000012,
            "sqrMagnitude": 1.00000024,
            "x": 0.5773503,
            "y": 0.5773503,
            "z": 0.5773503
          },
          "sqrMagnitude": 0.99999994,
          "x": 0.577350259,
          "y": 0.577350259,
          "z": 0.577350259
        },
        "sqrMagnitude": 3,
        "x": 1,
        "y": 1,
        "z": 1
      },
      "Trigger": {
        "DimX": 80,
        "DimY": 15,
        "DimZ": 70,
        "PointList": [
          {
            "magnitude": 16.5674477,
            "normalized": {
              "magnitude": 1.00000012,
              "normalized": {
                "magnitude": 0.99999994,
                "normalized": {
                  "magnitude": 1,
                  "sqrMagnitude": 1,
                  "x": -0.851854742,
                  "y": -0.523778141
                },
                "sqrMagnitude": 0.9999999,
                "x": -0.8518547,
                "y": -0.5237781
              },
              "sqrMagnitude": 1.00000024,
              "x": -0.8518548,
              "y": -0.523778141
            },
            "sqrMagnitude": 274.480347,
            "x": -14.11306,
            "y": -8.677667
          },
          {
            "magnitude": 23.8875427,
            "normalized": {
              "magnitude": 1,
              "sqrMagnitude": 1,
              "x": -0.618725836,
              "y": 0.785607
            },
            "sqrMagnitude": 570.6147,
            "x": -14.77984,
            "y": 18.76622
          },
          {
            "magnitude": 37.1831932,
            "normalized": {
              "magnitude": 1,
              "sqrMagnitude": 1,
              "x": 0.847225547,
              "y": 0.5312333
            },
            "sqrMagnitude": 1382.58972,
            "x": 31.50255,
            "y": 19.75295
          },
          {
            "magnitude": 33.02481,
            "normalized": {
              "magnitude": 1,
              "sqrMagnitude": 1.00000012,
              "x": 0.9728298,
              "y": -0.231521547
            },
            "sqrMagnitude": 1090.63818,
            "x": 32.12752,
            "y": -7.645955
          }
        ],
        "Radius": 1,
        "Shape": "Polygon"
      },
      "ValueSource": {}
    },
    {
      "ID": 3,
      "LoadOnInitial": true,
      "NPCCrowdRadius": 25,
      "Name": "District3",
      "OnEnterAudioState": [
        {
          "GroupName": "StateGroup_Maze_Penocony_P1_2",
          "StateName": "State_Normal_Corridor"
        }
      ],
      "PosX": -114.8,
      "PosY": 7.2,
      "PosZ": -117.87,
      "Scale": {
        "magnitude": 1.73205078,
        "normalized": {
          "magnitude": 0.99999994,
          "normalized": {
            "magnitude": 1.00000012,
            "sqrMagnitude": 1.00000024,
            "x": 0.5773503,
            "y": 0.5773503,
            "z": 0.5773503
          },
          "sqrMagnitude": 0.99999994,
          "x": 0.577350259,
          "y": 0.577350259,
          "z": 0.577350259
        },
        "sqrMagnitude": 3,
        "x": 1,
        "y": 1,
        "z": 1
      },
      "Trigger": {
        "DimX": 80,
        "DimY": 15,
        "DimZ": 70,
        "PointList": [
          {
            "magnitude": 11.6058483,
            "normalized": {
              "magnitude": 0.99999994,
              "normalized": {
                "magnitude": 1,
                "sqrMagnitude": 1.00000012,
                "x": -0.7153613,
                "y": -0.698754847
              },
              "sqrMagnitude": 0.99999994,
              "x": -0.715361238,
              "y": -0.6987548
            },
            "sqrMagnitude": 134.695709,
            "x": -8.302374,
            "y": -8.109642
          },
          {
            "magnitude": 17.9470539,
            "normalized": {
              "magnitude": 1,
              "sqrMagnitude": 1,
              "x": -0.5491568,
              "y": 0.835719347
            },
            "sqrMagnitude": 322.096741,
            "x": -9.855746,
            "y": 14.9987
          },
          {
            "magnitude": 15.5607758,
            "normalized": {
              "magnitude": 1,
              "sqrMagnitude": 1,
              "x": 0.2127669,
              "y": 0.977103
            },
            "sqrMagnitude": 242.137741,
            "x": 3.310818,
            "y": 15.20448
          },
          {
            "magnitude": 8.05343151,
            "normalized": {
              "magnitude": 1,