{
  "AnchorList": [],
  "AreaAnchorName": "LevelArea_P20123_F20123001_G81",
  "BattleAreaList": [],
  "ConflictIDList": [],
  "CrowdList": [],
  "DistrictList": [
    {
      "DistrictType": "Level",
      "ID": 1,
      "LevelGraph": "Config/Level/Maze/MazeShelter/InitLevelGraph_MazeShelter_Common.json",
      "LoadOnInitial": true,
      "NPCCrowdRadius": 25,
      "Name": "District1",
      "PosX": -5.259139,
      "PosY": 19,
      "PosZ": 55.0558,
      "Scale": {
        "magnitude": 1.73205078,
        "normalized": {
          "magnitude": 0.99999994,
          "normalized": {
            "magnitude": 1.00000012,
            "sqrMagnitude": 1.00000024,
            "x": 0.5773503,
            "y": 0.5773503,
            "z": 0.5773503
          },
          "sqrMagnitude": 0.99999994,
          "x": 0.577350259,
          "y": 0.577350259,
          "z": 0.577350259
        },
        "sqrMagnitude": 3,
        "x": 1,
        "y": 1,
        "z": 1
      },
      "Trigger": {
        "DimX": 1,
        "DimY": 15,
        "DimZ": 1,
        "PointList": [
          {
            "magnitude": 30.6713333,
            "normalized": {
              "magnitude": 1,
              "sqrMagnitude": 1,
              "x": -0.232357979,
              "y": -0.9726303
            },
            "sqrMagnitude": 940.7307,
            "x": -7.126729,
            "y": -29.83187
          },
          {
            "magnitude": 64.7395859,
            "normalized": {
              "magnitude": 0.99999994,
              "normalized": {
                "magnitude": 1,
                "sqrMagnitude": 1,
                "x": -0.9692685,
                "y": -0.2460053
              },
              "sqrMagnitude": 0.99999994,
              "x": -0.969268441,
              "y": -0.246005282
            },
            "sqrMagnitude": 4191.214,
            "x": -62.75004,
            "y": -15.92628
          },
          {
            "magnitude": 87.26254,
            "normalized": {
              "magnitude": 0.99999994,
              "normalized": {
                "magnitude": 1,
                "sqrMagnitude": 1.00000012,
                "x": -0.664549768,
                "y": 0.74724406
              },
              "sqrMagnitude": 0.9999999,
              "x": -0.6645497,
              "y": 0.747244
            },
            "sqrMagnitude": 7614.751,
            "x": -57.9903,
            "y": 65.20641
          },
          {
            "magnitude": 64.30831,
            "normalized": {
              "magnitude": 0.99999994,
              "normalized": {
                "magnitude": 1,
                "sqrMagnitude": 1.00000012,
                "x": -0.0549664758,
                "y": 0.998488247
              },
              "sqrMagnitude": 0.99999994,
              "x": -0.0549664721,
              "y": 0.9984882
            },
            "sqrMagnitude": 4135.55859,
            "x": -3.534801,
            "y": 64.21109
          },
          {
            "magnitude": 30.30959,
            "normalized": {
              "magnitude": 1,
              "sqrMagnitude": 1,
              "x": 0.6682232,
              "y": 0.7439609
            },
            "sqrMagnitude": 918.671265,
            "x": 20.25357,
            "y": 22.54915
          },
          {
            "magnitude": 28.4789639,
            "normalized": {
              "magnitude": 0.99999994,
              "normalized": {
                "magnitude": 1,
                "sqrMagnitude": 1.00000012,
                "x": 0.999920547,
                "y": 0.0126083605
              },
              "sqrMagnitude": 0.99999994,
              "x": 0.9999205,
              "y": 0.01260836
            },
            "sqrMagnitude": 811.051331,
            "x": 28.4767,
            "y": 0.359073
          },
          {
            "magnitude": 30.8278637,
            "normalized": {
              "magnitude": 1,
              "sqrMagnitude": 1,
              "x": 0.223497316,
              "y": -0.974704564
            },
            "sqrMagnitude": 950.3572,
            "x": 6.889945,
            "y": -30.04806
          }
        ],
        "Radius": 1,
        "Shape": "Polygon"
      }
    },
    {
      "DistrictType": "Level",
      "ID": 2,
      "LevelGraph": "Config/Level/Maze/MazeShelter/InitLevelGraph_MazeShelter_Common.json",
      "LoadOnInitial": true,
      "NPCCrowdRadius": 25,
      "Name": "District2",
      "PosX": -5.5,
      "PosY": 14.9,
      "PosZ": -26.44,
      "Scale": {
        "magnitude": 1.73205078,
        "normalized": {
          "magnitude": 0.99999994,
          "normalized": {
            "magnitude": 1.00000012,
            "sqrMagnitude": 1.00000024,
            "x": 0.5773503,
            "y": 0.5773503,
            "z": 0.5773503
          },
          "sqrMagnitude": 0.99999994,
          "x": 0.577350259,
          "y": 0.577350259,
          "z": 0.577350259
        },
        "sqrMagnitude": 3,
        "x": 1,
        "y": 1,
        "z": 1
      },
      "Trigger": {
        "DimX": 1,
        "DimY": 15,
        "DimZ": 1,
        "PointList": [
          {
            "magnitude": 39.55874,
            "normalized": {
              "magnitude": 0.99999994,
              "normalized": {
                "magnitude": 1,
                "sqrMagnitude": 1,
                "x": -0.5952599,
                "y": -0.803533256
              },
              "sqrMagnitude": 0.9999999,
              "x": -0.595259845,
              "y": -0.8035332
            },
            "sqrMagnitude": 1564.89368,
            "x": -23.54773,
            "y": -31.78676
          },
          {
            "magnitude": 24.4452,
            "normalized": {
              "magnitude": 1,
              "sqrMagnitude": 1,
              "x": -0.9605358,
              "y": 0.2781564
            },
            "sqrMagnitude": 597.5678,
            "x": -23.48049,
            "y": 6.799589
          },
          {
            "magnitude": 88.11632,
            "normalized": {
              "magnitude": 0.99999994,
              "normalized": {
                "magnitude": 1,
                "sqrMagnitude": 1,
                "x": 0.9999372,
                "y": 0.0112081971
              },
              "sqrMagnitude": 0.9999999,
              "x": 0.9999371,
              "y": 0.0112081962
            },
            "sqrMagnitude": 7764.485,
            "x": 88.11078,
            "y": 0.987625
          },
          {
            "magnitude": 94.42623,
            "normalized": {
              "magnitude": 0.99999994,
              "normalized": {
                "magnitude": 1,
                "sqrMagnitude": 1.00000012,
                "x": 0.635714948,
                "y": -0.771923959
              },
              "sqrMagnitude": 0.9999999,
              "x": 0.6357149,
              "y": -0.7719239
            },
            "sqrMagnitude": 8916.3125,
            "x": 60.02816,
            "y": -72.88986
          },
          {
            "magnitude": 66.27561,
            "normalized": {
              "magnitude": 1,
              "sqrMagnitude": 1.00000012,
              "x": 0.11867436,
              "y": -0.9929333
            },
            "sqrMagnitude": 4392.457,
            "x": 7.865216,
            "y": -65.80726
          },
          {
            "magnitude": 60.58473,
            "normalized": {
              "magnitude": 0.99999994,
              "normalized": {
                "magnitude": 1,
                "sqrMagnitude": 1.00000012,
                "x": 0.03967345,
                "y": -0.999212742
              },
              "sqrMagnitude": 0.99999994,
              "x": 0.0396734476,
              "y": -0.9992127
            },
            "sqrMagnitude": 3670.50928,
            "x": 2.403605,
            "y": -60.53703
          }
        ],
        "Radius": 1,
        "Shape": "Polygon"
      }
    }
  ],
  "GroupName": "Shelter Group",