{
  "AnchorList": [],
  "AreaAnchorName": "LevelArea_P20243_F20243001_G2",
  "AudienceList": [],
  "BattleAreaList": [],
  "ConflictIDList": [],
  "ConflictWhiteList": [],
  "CrowdList": [],
  "CurveList": [],
  "DistrictList": [
    {
      "ID": 1,
      "LoadOnInitial": true,
      "NPCCrowdRadius": 25,
      "Name": "District1",
      "OnEnterAudioState": [
        {
          "GroupName": "StateGroup_Maze_Xianzhou_X4_2",
          "StateName": "State_MindBeast_Platform"
        }
      ],
      "PosX": -58.9,
      "PosY": -4.5,
      "PosZ": -44.2,
      "Scale": {
        "magnitude": 1.73205078,
        "normalized": {
          "magnitude": 0.99999994,
          "normalized": {
            "magnitude": 1.00000012,
            "sqrMagnitude": 1.00000024,
            "x": 0.5773503,
            "y": 0.5773503,
            "z": 0.5773503
          },
          "sqrMagnitude": 0.99999994,
          "x": 0.577350259,
          "y": 0.577350259,
          "z": 0.577350259
        },
        "sqrMagnitude": 3,
        "x": 1,
        "y": 1,
        "z": 1
      },
      "Trigger": {
        "DimX": 1,
        "DimY": 20,
        "DimZ": 1,
        "PointList": [
          {
            "magnitude": 116.6525,
            "normalized": {
              "magnitude": 1,
              "sqrMagnitude": 1,
              "x": -0.650745034,
              "y": -0.7592963
            },
            "sqrMagnitude": 13607.8047,
            "x": -75.91103,
            "y": -88.57381
          },
          {
            "magnitude": 193.39975,
            "normalized": {
              "magnitude": 0.99999994,
              "normalized": {
                "magnitude": 1,
                "sqrMagnitude": 1,
                "x": -0.3963883,
                "y": 0.918082952
              },
              "sqrMagnitude": 0.9999999,
              "x": -0.396388263,
              "y": 0.9180829
            },
            "sqrMagnitude": 37403.46,
            "x": -76.66139,
            "y": 177.557
          },
          {
            "magnitude": 260.407745,
            "normalized": {
              "magnitude": 0.99999994,
              "normalized": {
                "magnitude": 1,
                "sqrMagnitude": 1.00000012,
                "x": 0.7306865,
                "y": 0.6827132
              },
              "sqrMagnitude": 0.9999999,
              "x": 0.7306864,
              "y": 0.682713151
            },
            "sqrMagnitude": 67812.19,
            "x": 190.2764,
            "y": 177.7838
          },
          {
            "magnitude": 212.083832,
            "normalized": {
              "magnitude": 1,
              "sqrMagnitude": 1,
              "x": 0.905651748,
              "y": -0.424022347
            },
            "sqrMagnitude": 44979.5547,
            "x": 192.0741,
            "y": -89.92828
          }
        ],
        "Radius": 200,
        "Shape": "Polygon"
      },
      "ValueSource": {}
    },
    {
      "ID": 2,
      "LoadOnInitial": true,
      "NPCCrowdRadius": 25,
      "Name": "District2",
      "OnEnterAreaSound": {
        "PlayEventName": "Ev_WwiseMatrixReverb_VO_09_mingtukongjian",
        "StopEventName": "Ev_WwiseMatrixReverb_VO_00_wuhunxiang",
        "TransformList": []
      },
      "PosX": -58.9,
      "PosY": -41.4,
      "PosZ": -44.2,
      "Scale": {
        "magnitude": 1.73205078,
        "normalized": {
          "magnitude": 0.99999994,
          "normalized": {
            "magnitude": 1.00000012,
            "sqrMagnitude": 1.00000024,
            "x": 0.5773503,
            "y": 0.5773503,
            "z": 0.5773503
          },
          "sqrMagnitude": 0.99999994,
          "x": 0.577350259,
          "y": 0.577350259,
          "z": 0.577350259
        },
        "sqrMagnitude": 3,
        "x": 1,
        "y": 1,
        "z": 1
      },
      "Trigger": {
        "DimX": 1,
        "DimY": 100,
        "DimZ": 1,
        "PointList": [
          {
            "magnitude": 116.6525,
            "normalized": {
              "magnitude": 1,
              "sqrMagnitude": 1,
              "x": -0.650745034,
              "y": -0.7592963
            },
            "sqrMagnitude": 13607.8047,
            "x": -75.91103,
            "y": -88.57381
          },
          {
            "magnitude": 193.39975,
            "normalized": {
              "magnitude": 0.99999994,
              "normalized": {
                "magnitude": 1,
                "sqrMagnitude": 1,
                "x": -0.3963883,
                "y": 0.918082952
              },
              "sqrMagnitude": 0.9999999,
              "x": -0.396388263,
              "y": 0.9180829
            },
            "sqrMagnitude": 37403.46,
            "x": -76.66139,
            "y": 177.557
          },
          {
            "magnitude": 260.407745,
            "normalized": {
              "magnitude": 0.99999994,
              "normalized": {
                "magnitude": 1,
                "sqrMagnitude": 1.00000012,
                "x": 0.7306865,
                "y": 0.6827132
              },
              "sqrMagnitude": 0.9999999,
              "x": 0.7306864,
              "y": 0.682713151
            },
            "sqrMagnitude": 67812.19,
            "x": 190.2764,
            "y": 177.7838
          },
          {
            "magnitude": 212.083832,
            "normalized": {
              "magnitude": 1,
              "sqrMagnitude": 1,
              "x": 0.905651748,
              "y": -0.424022347
            },
            "sqrMagnitude": 44979.5547,
            "x": 192.0741,
            "y": -89.92828
          }
        ],
        "Radius": 200,
        "Shape": "Polygon"
      },
      "ValueSource": {}
    }
  ],
  "GroupName": "Sound",
  "HoYoGroupType": "Container",
  "IsHoyoGroup": true,
  "LittleGameList": [],
  "LoadOnInitial": true,
  "MonsterList": [],
  "NPCList": [],
  "PathwayList": [],
  "PedestrianList": [],
  "PropList": [],
  "SaveType": "Reset",
  "SavedValueCondition": {
    "Conditions": [],
    "Operation": "And"
  },
  "SmartObjectList": [],
  "StreamingTemplateType": "Standard",
  "ValueSource": {},
  "WaypointList": []
}