{
  "AnchorList": [],
  "AreaAnchorName": "LevelArea_P40105_F40105001_G14",
  "AudienceList": [],
  "BattleAreaList": [],
  "ConflictIDList": [],
  "ConflictWhiteList": [],
  "CrowdList": [],
  "DistrictList": [
    {
      "ID": 1,
      "LoadOnInitial": true,
      "NPCCrowdRadius": 25,
      "Name": "District1",
      "OnEnterAudioState": [
        {
          "GroupName": "StateGroup_Maze_Penocony_P1_2",
          "StateName": "State_Walk_01"
        }
      ],
      "PosX": -155.3,
      "PosY": -7.2,
      "PosZ": -144,
      "Scale": {
        "magnitude": 1.73205078,
        "normalized": {
          "magnitude": 0.99999994,
          "normalized": {
            "magnitude": 1.00000012,
            "sqrMagnitude": 1.00000024,
            "x": 0.5773503,
            "y": 0.5773503,
            "z": 0.5773503
          },
          "sqrMagnitude": 0.99999994,
          "x": 0.577350259,
          "y": 0.577350259,
          "z": 0.577350259
        },
        "sqrMagnitude": 3,
        "x": 1,
        "y": 1,
        "z": 1
      },
      "Trigger": {
        "DimX": 1,
        "DimY": 30,
        "DimZ": 1,
        "PointList": [
          {
            "magnitude": 43.2630844,
            "normalized": {
              "magnitude": 1,
              "sqrMagnitude": 1,
              "x": -0.901148438,
              "y": -0.433510721
            },
            "sqrMagnitude": 1871.69458,
            "x": -38.98646,
            "y": -18.75501
          },
          {
            "magnitude": 40.92129,
            "normalized": {
              "magnitude": 1,
              "sqrMagnitude": 1,
              "x": -0.916235745,
              "y": 0.4006396
            },
            "sqrMagnitude": 1674.55212,
            "x": -37.49355,
            "y": 16.39469
          },
          {
            "magnitude": 17.1672859,
            "normalized": {
              "magnitude": 0.99999994,
              "normalized": {
                "magnitude": 1,
                "sqrMagnitude": 1.00000012,
                "x": 0.2713834,
                "y": 0.962471366
              },
              "sqrMagnitude": 0.99999994,
              "x": 0.271383375,
              "y": 0.9624713
            },
            "sqrMagnitude": 294.7157,
            "x": 4.658916,
            "y": 16.52302
          },
          {
            "magnitude": 15.7885323,
            "normalized": {
              "magnitude": 0.99999994,
              "normalized": {
                "magnitude": 1,
                "sqrMagnitude": 1.00000012,
                "x": 0.28821218,
                "y": -0.9575666
              },
              "sqrMagnitude": 0.99999994,
              "x": 0.28821215,
              "y": -0.957566559
            },
            "sqrMagnitude": 249.27774,
            "x": 4.550447,
            "y": -15.11857
          }
        ],
        "Radius": 1,
        "Shape": "Polygon"
      },
      "ValueSource": {}
    },
    {
      "ID": 2,
      "LoadOnInitial": true,
      "NPCCrowdRadius": 25,
      "Name": "District2",
      "OnEnterAudioState": [
        {
          "GroupName": "StateGroup_Maze_Penocony_P1_2",
          "StateName": "State_Normal_Corridor"
        }
      ],
      "PosX": -112.3,
      "PosY": -13.4,
      "PosZ": -144,
      "Scale": {
        "magnitude": 1.73205078,
        "normalized": {
          "magnitude": 0.99999994,
          "normalized": {
            "magnitude": 1.00000012,
            "sqrMagnitude": 1.00000024,
            "x": 0.5773503,
            "y": 0.5773503,
            "z": 0.5773503
          },
          "sqrMagnitude": 0.99999994,
          "x": 0.577350259,
          "y": 0.577350259,
          "z": 0.577350259
        },
        "sqrMagnitude": 3,
        "x": 1,
        "y": 1,
        "z": 1
      },
      "Trigger": {
        "DimX": 1,
        "DimY": 30,
        "DimZ": 1,
        "PointList": [
          {
            "magnitude": 43.23769,
            "normalized": {
              "magnitude": 0.99999994,
              "normalized": {
                "magnitude": 1,
                "sqrMagnitude": 1,
                "x": -0.8791953,
                "y": -0.476461679
              },
              "sqrMagnitude": 0.9999999,
              "x": -0.8791952,
              "y": -0.476461649
            },
            "sqrMagnitude": 1869.49768,
            "x": -38.01437,
            "y": -20.6011
          },
          {
            "magnitude": 40.92129,
            "normalized": {
              "magnitude": 1,
              "sqrMagnitude": 1,
              "x": -0.916235745,
              "y": 0.4006396
            },
            "sqrMagnitude": 1674.55212,
            "x": -37.49355,
            "y": 16.39469
          },
          {
            "magnitude": 17.1672859,
            "normalized": {
              "magnitude": 0.99999994,
              "normalized": {
                "magnitude": 1,
                "sqrMagnitude": 1.00000012,
                "x": 0.2713834,
                "y": 0.962471366
              },
              "sqrMagnitude": 0.99999994,
              "x": 0.271383375,
              "y": 0.9624713
            },
            "sqrMagnitude": 294.7157,
            "x": 4.658916,
            "y": 16.52302
          },
          {
            "magnitude": 15.7885323,
            "normalized": {
              "magnitude": 0.99999994,
              "normalized": {
                "magnitude": 1,
                "sqrMagnitude": 1.00000012,
                "x": 0.28821218,
                "y": -0.9575666
              },
              "sqrMagnitude": 0.99999994,
              "x": 0.28821215,
              "y": -0.957566559
            },
            "sqrMagnitude": 249.27774,
            "x": 4.550447,
            "y": -15.11857
          }
        ],
        "Radius": 1,
        "Shape": "Polygon"
      },
      "ValueSource": {}
    },
    {
      "ID": 3,
      "LoadOnInitial": true,
      "NPCCrowdRadius": 25,
      "Name": "District3",
      "OnEnterAreaSound": {
        "PlayEventName": "Ev_WwiseMatrixReverb_VO_03_datingzhongxing",
        "TransformList": []
      },
      "PosX": -155.3,
      "PosY": -7.2,
      "PosZ": -144,
      "Scale": {
        "magnitude": 1.73205078,
        "normalized": {
          "magnitude": 0.99999994,
          "normalized": {
            "magnitude": 1.00000012,
            "sqrMagnitude": 1.00000024,
            "x": 0.5773503,
            "y": 0.5773503,
            "z": 0.5773503
          },
          "sqrMagnitude": 0.99999994,
          "x": 0.577350259,
          "y": 0.577350259,
          "z": 0.577350259
        },
        "sqrMagnitude": 3,
        "x": 1,
        "y": 1,
        "z": 1
      },
      "Trigger": {
        "DimX": 1,
        "DimY": 30,
        "DimZ": 1,
        "PointList": [
          {
            "magnitude": 43.2630844,
            "normalized": {
              "magnitude": 1,
              "sqrMagnitude": 1,
              "x": -0.901148438,
              "y": -0.433510721
            },
            "sqrMagnitude": 1871.69458,
            "x": -38.98646,
            "y": -18.75501
          },
          {
            "magnitude": 40.92129,
            "normalized": {
              "magnitude": 1,
              "sqrMagnitude": 1,
              "x": -0.916235745,
              "y": 0.4006396
            },
            "sqrMagnitude": 1674.55212,
            "x": -37.49355,
            "y": 16.39469
          },
          {
            "magnitude": 17.1672859,
            "normalized": {
              "magnitude": 0.99999994,
              "normalized": {
                "magnitude": 1,
                "sqrMagnitude": 1.00000012,
                "x": 0.2713834,
                "y": 0.962471366
              },
              "sqrMagnitude": 0.99999994,
              "x": 0.271383375,
              "y": 0.9624713
            },
            "sqrMagnitude": 294.7157,
            "x": 4.658916,