{
  "AnchorList": [],
  "AreaAnchorName": "LevelArea_P20231_F20231001_G108",
  "AudienceList": [],
  "BattleAreaList": [],
  "Category": "Atmosphere",
  "ConflictIDList": [],
  "CrowdList": [],
  "DistrictList": [
    {
      "DistrictType": "Level",
      "ID": 1,
      "LevelGraph": "Config/Level/Maze/MazeShelter/InitLevelGraph_MazeShelter_Common.json",
      "LoadOnInitial": true,
      "NPCCrowdRadius": 25,
      "Name": "District1",
      "PosX": 88.7426,
      "PosY": 41.77,
      "PosZ": -58.77517,
      "Scale": {
        "magnitude": 1.73205078,
        "normalized": {
          "magnitude": 0.99999994,
          "normalized": {
            "magnitude": 1.00000012,
            "sqrMagnitude": 1.00000024,
            "x": 0.5773503,
            "y": 0.5773503,
            "z": 0.5773503
          },
          "sqrMagnitude": 0.99999994,
          "x": 0.577350259,
          "y": 0.577350259,
          "z": 0.577350259
        },
        "sqrMagnitude": 3,
        "x": 1,
        "y": 1,
        "z": 1
      },
      "Trigger": {
        "DimX": 1,
        "DimY": 40,
        "DimZ": 1,
        "PointList": [
          {
            "magnitude": 68.68372,
            "normalized": {
              "magnitude": 1,
              "sqrMagnitude": 1,
              "x": -0.9147366,
              "y": -0.4040506
            },
            "sqrMagnitude": 4717.454,
            "x": -62.82752,
            "y": -27.7517
          },
          {
            "magnitude": 63.4934273,
            "normalized": {
              "magnitude": 1,
              "sqrMagnitude": 1,
              "x": -0.9905714,
              "y": 0.136997744
            },
            "sqrMagnitude": 4031.41528,
            "x": -62.89477,
            "y": 8.698457
          },
          {
            "magnitude": 73.2210541,
            "normalized": {
              "magnitude": 1,
              "sqrMagnitude": 1.00000012,
              "x": -0.98571974,
              "y": 0.168394461
            },
            "sqrMagnitude": 5361.323,
            "x": -72.17544,
            "y": 12.33002
          },
          {
            "magnitude": 81.93507,
            "normalized": {
              "magnitude": 0.99999994,
              "normalized": {
                "magnitude": 1,
                "sqrMagnitude": 1.00000012,
                "x": -0.879903436,
                "y": 0.475152642
              },
              "sqrMagnitude": 0.99999994,
              "x": -0.8799034,
              "y": 0.4751526
            },
            "sqrMagnitude": 6713.35449,
            "x": -72.09494,
            "y": 38.93166
          },
          {
            "magnitude": 67.46938,
            "normalized": {
              "magnitude": 1.00000012,
              "normalized": {
                "magnitude": 0.99999994,
                "normalized": {
                  "magnitude": 1,
                  "sqrMagnitude": 1.00000012,
                  "x": -0.8164116,
                  "y": 0.5774705
                },
                "sqrMagnitude": 0.9999999,
                "x": -0.816411555,
                "y": 0.5774704
              },
              "sqrMagnitude": 1.00000024,
              "x": -0.8164117,
              "y": 0.5774705
            },
            "sqrMagnitude": 4552.118,
            "x": -55.08279,
            "y": 38.96158
          },
          {
            "magnitude": 70.86996,
            "normalized": {
              "magnitude": 1,
              "sqrMagnitude": 1,
              "x": -0.406102121,
              "y": 0.9138277
            },
            "sqrMagnitude": 5022.551,
            "x": -28.78044,
            "y": 64.76293
          },
          {
            "magnitude": 83.05284,
            "normalized": {
              "magnitude": 1,
              "sqrMagnitude": 1.00000012,
              "x": -0.13713643,
              "y": 0.9905522
            },
            "sqrMagnitude": 6897.77441,
            "x": -11.38957,
            "y": 82.26817
          },
          {
            "magnitude": 54.90837,
            "normalized": {
              "magnitude": 1,
              "sqrMagnitude": 1.00000012,
              "x": 0.3302655,
              "y": 0.9438881
            },
            "sqrMagnitude": 3014.9292,
            "x": 18.13434,
            "y": 51.82736
          },
          {
            "magnitude": 74.55213,
            "normalized": {
              "magnitude": 1,
              "sqrMagnitude": 1,
              "x": 0.654191256,
              "y": 0.7563291
            },
            "sqrMagnitude": 5558.02,
            "x": 48.77135,
            "y": 56.38595
          },
          {
            "magnitude": 51.68468,
            "normalized": {
              "magnitude": 1,
              "sqrMagnitude": 1.00000012,
              "x": 0.985725343,
              "y": -0.16836156
            },
            "sqrMagnitude": 2671.3064,
            "x": 50.9469,
            "y": -8.701714
          },
          {
            "magnitude": 67.4764,
            "normalized": {
              "magnitude": 1,
              "sqrMagnitude": 1,
              "x": 0.8970115,
              "y": -0.442007124
            },
            "sqrMagnitude": 4553.065,
            "x": 60.52711,
            "y": -29.82505
          },
          {
            "magnitude": 64.35745,
            "normalized": {
              "magnitude": 1,
              "sqrMagnitude": 1,
              "x": 0.6064435,
              "y": -0.795126557
            },
            "sqrMagnitude": 4141.882,
            "x": 39.02916,
            "y": -51.17232
          },
          {
            "magnitude": 60.332756,
            "normalized": {
              "magnitude": 1,
              "sqrMagnitude": 1,
              "x": 0.5691116,
              "y": -0.8222603
            },
            "sqrMagnitude": 3640.0415,
            "x": 34.33607,
            "y": -49.60923
          },
          {
            "magnitude": 32.3866463,
            "normalized": {
              "magnitude": 1,
              "sqrMagnitude": 1,
              "x": 0.49820134,
              "y": -0.8670614
            },
            "sqrMagnitude": 1048.89478,
            "x": 16.13507,
            "y": -28.08121
          }
        ],
        "Radius": 1,
        "Shape": "Polygon"
      }
    }
  ],
  "GroupName": "Shelter Group",
  "LoadOnInitial": true,
  "MonsterList": [],
  "NPCList": [],
  "PathwayList": [],
  "PedestrianList": [],
  "PropList": [
    {
      "BridgeStateRotations": [],
      "CameraCenterEntityList": [],
      "CampID": 4,
      "CustomTriggerMap": {},
      "CustomTriggerMapV2": {},
      "DialogueGroups": [],
      "DialogueTriggerAngle": 120,
      "DialogueTriggerSkipFakeAvatar": true,
      "ID": 300001,
      "InitLevelGraph": "Config/Level/Maze/MazeExtra/Maze_Prop_ElevatorGoback.json",
      "InteractTitle": {
        "Hash": 371857150
      },
      "IsOverrideInitLevelGraph": true,
      "LoadOnInitial": true,
      "LookAtPlayerTriggerRadius": 2,
      "Name": "Prop1",
      "OverrideHintRange": -1,
      "OverrideLockRaycastOffset": 1.5,
      "OverrideMapIconType": -1,
      "OverridePropName": {
        "Hash": 371857150
      },
      "OverrideSoundRange": -1,
      "PosX": 26.77,
      "PosY": 42.42438,
      "PosZ": -62.43825,
      "PropID": 100,
      "Scale": {
        "magnitude": 1.73205078,
        "normalized": {
          "magnitude": 0.99999994,
          "normalized": {
            "magnitude": 1.00000012,
            "sqrMagnitude": 1.00000024,
            "x": 0.5773503,
            "y": 0.5773503,
            "z": 0.5773503
          },
          "sqrMagnitude": 0.99999994,
          "x": 0.577350259,
          "y": 0.577350259,
          "z": 0.577350259
        },
        "sqrMagnitude": 3,
        "x": 1,
        "y": 1,
        "z": 1
      },
      "ServerInteractVerificationIDList": [],
      "SpawnConfig": {},
      "StateConfigs": [],