{
  "AnchorList": [],
  "AreaAnchorName": "LevelArea_P20231_F20231001_G118",
  "AudienceList": [],
  "BattleAreaList": [],
  "ConflictIDList": [],
  "CrowdList": [],
  "DistrictList": [
    {
      "ID": 1,
      "LoadOnInitial": true,
      "NPCCrowdRadius": 25,
      "Name": "District1",
      "OnEnterAreaSound": {
        "PlayEventName": "Ev_sfx_amb_fog",
        "StopEventName": "Ev_sfx_amb_fog_stop",
        "TransformList": []
      },
      "PosX": 2.8,
      "PosY": 5,
      "PosZ": 71.4,
      "Scale": {
        "magnitude": 1.73205078,
        "normalized": {
          "magnitude": 0.99999994,
          "normalized": {
            "magnitude": 1.00000012,
            "sqrMagnitude": 1.00000024,
            "x": 0.5773503,
            "y": 0.5773503,
            "z": 0.5773503
          },
          "sqrMagnitude": 0.99999994,
          "x": 0.577350259,
          "y": 0.577350259,
          "z": 0.577350259
        },
        "sqrMagnitude": 3,
        "x": 1,
        "y": 1,
        "z": 1
      },
      "Trigger": {
        "DimX": 50,
        "DimY": 15,
        "DimZ": 50,
        "PointList": [
          {
            "magnitude": 117.1524,
            "normalized": {
              "magnitude": 1,
              "sqrMagnitude": 1,
              "x": -0.8804865,
              "y": -0.4740713
            },
            "sqrMagnitude": 13724.6846,
            "x": -103.1511,
            "y": -55.53859
          },
          {
            "magnitude": 121.869308,
            "normalized": {
              "magnitude": 0.99999994,
              "normalized": {
                "magnitude": 1,
                "sqrMagnitude": 1.00000012,
                "x": -0.719641268,
                "y": 0.69434613
              },
              "sqrMagnitude": 0.99999994,
              "x": -0.7196412,
              "y": 0.6943461
            },
            "sqrMagnitude": 14852.1279,
            "x": -87.70218,
            "y": 84.61948
          },
          {
            "magnitude": 47.2174377,
            "normalized": {
              "magnitude": 0.99999994,
              "normalized": {
                "magnitude": 1,
                "sqrMagnitude": 1,
                "x": 0.826159656,
                "y": 0.563436151
              },
              "sqrMagnitude": 0.99999994,
              "x": 0.8261596,
              "y": 0.5634361
            },
            "sqrMagnitude": 2229.48633,
            "x": 39.00914,
            "y": 26.60401
          },
          {
            "magnitude": 46.1954536,
            "normalized": {
              "magnitude": 0.99999994,
              "normalized": {
                "magnitude": 1,
                "sqrMagnitude": 1.00000012,
                "x": 0.780703068,
                "y": -0.624902248
              },
              "sqrMagnitude": 0.99999994,
              "x": 0.780703,
              "y": -0.6249022
            },
            "sqrMagnitude": 2134.01978,
            "x": 36.06493,
            "y": -28.86764
          },
          {
            "magnitude": 44.80903,
            "normalized": {
              "magnitude": 1,
              "sqrMagnitude": 1,
              "x": 0.454967469,
              "y": -0.890508056
            },
            "sqrMagnitude": 2007.849,
            "x": 20.38665,
            "y": -39.9028
          },
          {
            "magnitude": 61.8616371,
            "normalized": {
              "magnitude": 1,
              "sqrMagnitude": 1.00000012,
              "x": -0.0229264237,
              "y": -0.9997372
            },
            "sqrMagnitude": 3826.8623,
            "x": -1.418266,
            "y": -61.84538
          }
        ],
        "Radius": 1,
        "Shape": "Polygon"
      }
    }
  ],
  "GroupName": "fog_sound",
  "LoadOnInitial": true,
  "MonsterList": [],
  "NPCList": [],
  "PathwayList": [],
  "PedestrianList": [],
  "PropList": [],
  "SaveType": "Reset",
  "SmartObjectList": [],
  "StreamingTemplateType": "Standard",
  "UnloadCondition": {
    "Conditions": [
      {
        "ID": 102120124,
        "Phase": "Finish",
        "Type": "SubMission"
      }
    ]
  },
  "ValueSource": {},
  "WaypointList": []
}