{
  "AnchorList": [],
  "AreaAnchorName": "LevelArea_P43301_F43301001_G42",
  "BattleAreaList": [],
  "ConflictIDList": [],
  "ConflictWhiteList": [],
  "CrowdList": [],
  "DistrictList": [
    {
      "ID": 1,
      "LoadOnInitial": true,
      "NPCCrowdRadius": 25,
      "Name": "District1",
      "OnEnterAreaSound": {
        "PlayEventName": "Ev_WwiseMatrixReverb_VO_06_zoulang",
        "TransformList": []
      },
      "PosX": 158.91,
      "PosY": 122.47,
      "PosZ": 180.1,
      "Scale": {
        "magnitude": 1.73205078,
        "normalized": {
          "magnitude": 0.99999994,
          "normalized": {
            "magnitude": 1.00000012,
            "sqrMagnitude": 1.00000024,
            "x": 0.5773503,
            "y": 0.5773503,
            "z": 0.5773503
          },
          "sqrMagnitude": 0.99999994,
          "x": 0.577350259,
          "y": 0.577350259,
          "z": 0.577350259
        },
        "sqrMagnitude": 3,
        "x": 1,
        "y": 1,
        "z": 1
      },
      "Trigger": {
        "DimX": 1,
        "DimY": 7,
        "DimZ": 1,
        "PointList": [
          {
            "magnitude": 5.228674,
            "normalized": {
              "magnitude": 1,
              "sqrMagnitude": 1,
              "x": -0.9582174,
              "y": -0.286041
            },
            "sqrMagnitude": 27.3390312,
            "x": -5.010206,
            "y": -1.495615
          },
          {
            "magnitude": 7.071068,
            "normalized": {
              "magnitude": 0.99999994,
              "normalized": {
                "magnitude": 1,
                "sqrMagnitude": 1.00000012,
                "x": -0.7071068,
                "y": 0.7071068
              },
              "sqrMagnitude": 0.99999994,
              "x": -0.707106769,
              "y": 0.707106769
            },
            "sqrMagnitude": 50,
            "x": -5,
            "y": 5
          },
          {
            "magnitude": 8.197126,
            "normalized": {
              "magnitude": 1,
              "sqrMagnitude": 1.00000012,
              "x": 0.8977351,
              "y": 0.440535724
            },
            "sqrMagnitude": 67.19289,
            "x": 7.358848,
            "y": 3.611127
          },
          {
            "magnitude": 7.54734135,
            "normalized": {
              "magnitude": 1,
              "sqrMagnitude": 1,
              "x": 0.967492342,
              "y": -0.252900332
            },
            "sqrMagnitude": 56.96236,
            "x": 7.301995,
            "y": -1.908725
          }
        ],
        "Radius": 1,
        "Shape": "Polygon"
      },
      "ValueSource": {}
    },
    {
      "ID": 2,
      "LoadOnInitial": true,
      "NPCCrowdRadius": 25,
      "Name": "District2",
      "OnEnterAreaSound": {
        "PlayEventName": "Ev_WwiseMatrixReverb_VO_04_datingzhongxing",
        "StopEventName": "Ev_WwiseMatrixReverb_VO_05_datingxiaoxing",
        "TransformList": []
      },
      "PosX": 171.67,
      "PosY": 122.47,
      "PosZ": 180.1,
      "Scale": {
        "magnitude": 1.73205078,
        "normalized": {
          "magnitude": 0.99999994,
          "normalized": {
            "magnitude": 1.00000012,
            "sqrMagnitude": 1.00000024,
            "x": 0.5773503,
            "y": 0.5773503,
            "z": 0.5773503
          },
          "sqrMagnitude": 0.99999994,
          "x": 0.577350259,
          "y": 0.577350259,
          "z": 0.577350259
        },
        "sqrMagnitude": 3,
        "x": 1,
        "y": 1,
        "z": 1
      },
      "Trigger": {
        "DimX": 1,
        "DimY": 7,
        "DimZ": 1,
        "PointList": [
          {
            "magnitude": 5.228674,
            "normalized": {
              "magnitude": 1,
              "sqrMagnitude": 1,
              "x": -0.9582174,
              "y": -0.286041
            },
            "sqrMagnitude": 27.3390312,
            "x": -5.010206,
            "y": -1.495615
          },
          {
            "magnitude": 7.071068,
            "normalized": {
              "magnitude": 0.99999994,
              "normalized": {
                "magnitude": 1,
                "sqrMagnitude": 1.00000012,
                "x": -0.7071068,
                "y": 0.7071068
              },
              "sqrMagnitude": 0.99999994,
              "x": -0.707106769,
              "y": 0.707106769
            },
            "sqrMagnitude": 50,
            "x": -5,
            "y": 5
          },
          {
            "magnitude": 102.744713,
            "normalized": {
              "magnitude": 1,
              "sqrMagnitude": 1.00000012,
              "x": 0.9995152,
              "y": 0.0311365519
            },
            "sqrMagnitude": 10556.4766,
            "x": 102.6949,
            "y": 3.199116
          },
          {
            "magnitude": 102.160248,
            "normalized": {
              "magnitude": 0.99999994,
              "normalized": {
                "magnitude": 1,
                "sqrMagnitude": 1,
                "x": 0.999939859,
                "y": -0.0109700216
              },
              "sqrMagnitude": 0.99999994,
              "x": 0.9999398,
              "y": -0.0109700207
            },
            "sqrMagnitude": 10436.7158,
            "x": 102.1541,
            "y": -1.1207
          }
        ],
        "Radius": 1,
        "Shape": "Polygon"
      },
      "ValueSource": {}
    },
    {
      "ID": 3,
      "LoadOnInitial": true,
      "NPCCrowdRadius": 25,
      "Name": "District3",
      "OnEnterAreaSound": {
        "PlayEventName": "Ev_WwiseMatrixReverb_VO_21_zoulangruanzhuangxiu",
        "TransformList": []
      },
      "PosX": 104,
      "PosY": 106.9,
      "PosZ": 127.5,
      "Scale": {
        "magnitude": 1.73205078,
        "normalized": {
          "magnitude": 0.99999994,
          "normalized": {
            "magnitude": 1.00000012,
            "sqrMagnitude": 1.00000024,
            "x": 0.5773503,
            "y": 0.5773503,
            "z": 0.5773503
          },
          "sqrMagnitude": 0.99999994,
          "x": 0.577350259,
          "y": 0.577350259,
          "z": 0.577350259
        },
        "sqrMagnitude": 3,
        "x": 1,
        "y": 1,
        "z": 1
      },
      "Trigger": {
        "DimX": 20,
        "DimY": 5,
        "DimZ": 65,
        "PointList": [
          {
            "magnitude": 26.8064919,
            "normalized": {
              "magnitude": 1,
              "sqrMagnitude": 1.00000012,
              "x": -0.779925644,
              "y": -0.625872254
            },
            "sqrMagnitude": 718.588,
            "x": -20.90707,
            "y": -16.77744
          },
          {
            "magnitude": 51.0554123,
            "normalized": {
              "magnitude": 0.99999994,
              "normalized": {
                "magnitude": 1,
                "sqrMagnitude": 1,
                "x": -0.399229765,
                "y": 0.9168509
              },
              "sqrMagnitude": 0.9999999,
              "x": -0.399229735,
              "y": 0.916850865
            },
            "sqrMagnitude": 2606.655,
            "x": -20.38284,
            "y": 46.8102
          },
          {
            "magnitude": 48.70108,
            "normalized": {
              "magnitude": 1,
              "sqrMagnitude": 1,
              "x": 0.224751279,
              "y": 0.9744162
            },
            "sqrMagnitude": 2371.79541,
            "x": 10.94563,
            "y": 47.45512
          },
          {
            "magnitude": 18.7029686,
            "normalized": {
              "magnitude": 1,
              "sqrMagnitude": 1.00000012,
              "x": 0.323314935,
              "y": -0.946291447
            },
            "sqrMagnitude": 349.801056,
            "x": 6.046949,
            "y": -17.69846
          }
        ],
        "Radius": 1,
        "Shape": "Box"
      },